-- phpMyAdmin SQL Dump
-- version 5.1.2
-- https://www.phpmyadmin.net/
--
-- Хост: localhost:3306
-- Време на генериране: 29 ное 2024 в 13:49
-- Версия на сървъра: 5.7.24
-- Версия на PHP: 8.3.9

SET SQL_MODE = "NO_AUTO_VALUE_ON_ZERO";
START TRANSACTION;
SET time_zone = "+00:00";


/*!40101 SET @OLD_CHARACTER_SET_CLIENT=@@CHARACTER_SET_CLIENT */;
/*!40101 SET @OLD_CHARACTER_SET_RESULTS=@@CHARACTER_SET_RESULTS */;
/*!40101 SET @OLD_COLLATION_CONNECTION=@@COLLATION_CONNECTION */;
/*!40101 SET NAMES utf8mb4 */;

--
-- База данни: `filament`
--

-- --------------------------------------------------------

--
-- Структура на таблица `ads`
--

CREATE TABLE `ads` (
  `id` bigint(20) UNSIGNED NOT NULL,
  `title` varchar(255) COLLATE utf8mb4_unicode_ci NOT NULL,
  `description` text COLLATE utf8mb4_unicode_ci NOT NULL,
  `url` varchar(255) COLLATE utf8mb4_unicode_ci NOT NULL,
  `status` enum('pending','in-progress','completed') COLLATE utf8mb4_unicode_ci NOT NULL DEFAULT 'pending',
  `created_at` timestamp NULL DEFAULT NULL,
  `updated_at` timestamp NULL DEFAULT NULL
) ENGINE=InnoDB DEFAULT CHARSET=utf8mb4 COLLATE=utf8mb4_unicode_ci;

-- --------------------------------------------------------

--
-- Структура на таблица `ad_templates`
--

CREATE TABLE `ad_templates` (
  `id` bigint(20) UNSIGNED NOT NULL,
  `title` varchar(255) COLLATE utf8mb4_unicode_ci NOT NULL,
  `description` text COLLATE utf8mb4_unicode_ci,
  `status` enum('draft','active','archived') COLLATE utf8mb4_unicode_ci NOT NULL DEFAULT 'draft',
  `canva_url` varchar(255) COLLATE utf8mb4_unicode_ci NOT NULL,
  `ad_id` bigint(20) UNSIGNED NOT NULL,
  `created_at` timestamp NULL DEFAULT NULL,
  `updated_at` timestamp NULL DEFAULT NULL
) ENGINE=InnoDB DEFAULT CHARSET=utf8mb4 COLLATE=utf8mb4_unicode_ci;

-- --------------------------------------------------------

--
-- Структура на таблица `customers`
--

CREATE TABLE `customers` (
  `id` bigint(20) UNSIGNED NOT NULL,
  `name` varchar(255) COLLATE utf8mb4_unicode_ci NOT NULL,
  `active` tinyint(1) NOT NULL DEFAULT '1',
  `created_at` timestamp NULL DEFAULT NULL,
  `updated_at` timestamp NULL DEFAULT NULL
) ENGINE=InnoDB DEFAULT CHARSET=utf8mb4 COLLATE=utf8mb4_unicode_ci;

--
-- Схема на данните от таблица `customers`
--

INSERT INTO `customers` (`id`, `name`, `active`, `created_at`, `updated_at`) VALUES
(1, 'Heller, Feeney and Ratke', 1, '2024-10-11 14:50:15', '2024-11-10 12:28:37'),
(2, 'Simonis, Gleichner and Mohr', 1, '2024-10-02 18:35:13', '2024-10-04 13:56:00'),
(3, 'Hyatt-Effertz', 1, '2024-11-19 23:25:08', '2024-11-21 06:50:00'),
(4, 'Donnelly-Dickinson', 0, '2024-10-22 10:11:08', '2024-11-13 05:45:00'),
(5, 'Collins-Smitham', 1, '2024-11-11 00:14:28', '2024-11-18 19:47:07'),
(6, 'Bartoletti Ltd', 1, '2024-11-19 06:52:00', '2024-11-22 10:55:56'),
(7, 'Leuschke-Moore', 1, '2024-10-20 06:06:55', '2024-11-13 09:22:56'),
(8, 'Kovacek-Kuhlman', 1, '2024-11-22 01:22:03', '2024-11-28 01:42:09'),
(9, 'Bogisich, Hyatt and Kub', 1, '2024-11-13 07:30:17', '2024-11-25 05:30:34'),
(10, 'Upton-Little', 0, '2024-10-05 18:05:54', '2024-10-16 18:01:55'),
(11, 'Lebsack and Sons', 1, '2024-10-09 08:04:30', '2024-10-30 14:39:32'),
(12, 'Frami-Huel', 1, '2024-10-07 07:30:36', '2024-10-15 21:28:56'),
(13, 'Graham, Kautzer and Christiansen', 0, '2024-11-28 07:42:38', '2024-11-28 19:08:17'),
(14, 'Bernhard, Gusikowski and Hegmann', 1, '2024-11-16 18:07:47', '2024-11-20 17:24:54'),
(15, 'Pacocha-Keebler', 1, '2024-10-28 03:24:28', '2024-11-09 05:16:25'),
(16, 'Pfeffer-Turcotte', 0, '2024-11-15 07:13:33', '2024-11-23 20:39:25'),
(17, 'Altenwerth Ltd', 1, '2024-10-05 16:20:48', '2024-11-27 12:01:46'),
(18, 'Shanahan PLC', 1, '2024-10-08 03:25:33', '2024-11-10 23:14:08'),
(19, 'Schuppe, Hegmann and Jaskolski', 1, '2024-11-08 16:31:31', '2024-11-18 23:00:43'),
(20, 'Welch, Reichert and Stamm', 0, '2024-10-25 10:57:39', '2024-11-23 01:13:42'),
(21, 'Stokes-Dickens', 1, '2024-10-20 13:46:48', '2024-11-22 12:00:43'),
(22, 'Feeney LLC', 1, '2024-11-26 04:47:34', '2024-11-26 15:17:47'),
(23, 'Robel, Stoltenberg and Greenholt', 1, '2024-10-23 05:04:58', '2024-11-16 00:56:52'),
(24, 'Lehner-Kertzmann', 0, '2024-10-25 12:57:54', '2024-10-29 02:52:13'),
(25, 'Connelly-Hettinger', 0, '2024-10-23 04:48:37', '2024-11-01 15:52:28'),
(26, 'Brown-Mante', 1, '2024-11-04 03:08:34', '2024-11-18 13:07:24'),
(27, 'Collins-Kohler', 0, '2024-11-16 00:23:59', '2024-11-27 08:29:59'),
(28, 'Hill-Harris', 1, '2024-10-12 20:01:50', '2024-10-15 05:18:25'),
(29, 'McCullough Inc', 1, '2024-10-16 21:07:32', '2024-11-07 11:41:40'),
(30, 'Wolf PLC', 1, '2024-10-20 00:48:18', '2024-11-20 01:10:33'),
(31, 'Bailey-Johnston', 1, '2024-10-13 09:56:59', '2024-11-06 14:08:02'),
(32, 'Jones, Bartoletti and Keeling', 1, '2024-10-12 19:09:45', '2024-11-01 06:46:47'),
(33, 'Frami Ltd', 1, '2024-11-01 05:32:57', '2024-11-08 20:04:29'),
(34, 'Flatley PLC', 0, '2024-11-06 00:29:47', '2024-11-27 14:13:41'),
(35, 'Schumm-Stark', 0, '2024-10-31 22:27:53', '2024-11-27 23:51:42'),
(36, 'Murphy, Haley and Rau', 1, '2024-10-29 15:11:45', '2024-11-08 16:42:22'),
(37, 'Senger and Sons', 1, '2024-10-11 01:12:26', '2024-10-21 07:31:18'),
(38, 'Effertz Inc', 0, '2024-10-17 03:07:40', '2024-11-01 03:42:58'),
(39, 'Nolan-Hammes', 1, '2024-10-14 01:07:58', '2024-11-06 14:04:43'),
(40, 'Pacocha, Romaguera and Hartmann', 0, '2024-11-19 18:47:45', '2024-11-25 17:07:02'),
(41, 'Carter Group', 0, '2024-11-15 09:44:04', '2024-11-18 02:39:02'),
(42, 'Kerluke-Dibbert', 1, '2024-11-14 03:40:29', '2024-11-29 06:13:51'),
(43, 'Purdy-Kautzer', 1, '2024-10-13 15:17:18', '2024-10-20 04:51:58'),
(44, 'Cartwright, Ruecker and Gislason', 1, '2024-10-19 12:06:19', '2024-10-23 20:37:29'),
(45, 'Bailey, Armstrong and Mann', 0, '2024-10-26 11:35:27', '2024-11-05 11:35:42'),
(46, 'Anderson-Bechtelar', 0, '2024-10-17 11:48:58', '2024-10-27 16:59:34'),
(47, 'Marquardt, Hessel and Sporer', 1, '2024-11-20 14:45:33', '2024-11-22 16:31:11'),
(48, 'White, Fay and Considine', 1, '2024-10-26 00:59:01', '2024-11-11 08:01:56'),
(49, 'Nienow-Schmitt', 0, '2024-10-31 17:13:26', '2024-11-23 00:03:23'),
(50, 'Beier, Hoppe and Gerhold', 0, '2024-11-11 15:16:41', '2024-11-23 21:30:37'),
(51, 'Kutch-Price', 1, '2024-11-18 10:28:20', '2024-11-27 15:50:51'),
(52, 'Schumm, Ortiz and Daniel', 0, '2024-10-23 02:13:09', '2024-11-12 20:41:38'),
(53, 'Schultz, Ernser and Emard', 1, '2024-10-24 03:21:31', '2024-11-13 18:53:21'),
(54, 'Cassin, Runte and Leannon', 1, '2024-11-28 09:00:28', '2024-11-28 20:13:12'),
(55, 'Cole Inc', 1, '2024-10-22 03:09:51', '2024-11-15 14:19:15'),
(56, 'Goldner, Kiehn and Grant', 1, '2024-10-21 05:24:46', '2024-11-19 20:53:34'),
(57, 'Abbott, Schumm and Kessler', 0, '2024-10-23 02:59:18', '2024-10-28 08:19:46'),
(58, 'Weimann-Bogan', 1, '2024-11-12 01:03:07', '2024-11-16 04:39:38'),
(59, 'Lind LLC', 1, '2024-11-28 17:36:21', '2024-11-29 07:52:06'),
(60, 'Reinger Inc', 0, '2024-10-09 03:44:43', '2024-10-22 07:46:48'),
(61, 'Reinger Inc', 1, '2024-09-29 16:56:55', '2024-10-19 06:24:16'),
(62, 'Schuster-Hermann', 1, '2024-11-18 20:58:18', '2024-11-19 08:56:07'),
(63, 'Feeney, Hoppe and Abshire', 1, '2024-10-31 07:15:44', '2024-11-07 09:10:53'),
(64, 'Feest-Lockman', 1, '2024-10-29 16:21:58', '2024-11-14 04:17:25'),
(65, 'Grady, Haley and Spinka', 1, '2024-11-23 14:03:26', '2024-11-28 11:50:15'),
(66, 'Kovacek-Keeling', 1, '2024-11-14 07:34:16', '2024-11-18 16:24:33'),
(67, 'Bode LLC', 0, '2024-11-06 10:20:26', '2024-11-12 00:49:08'),
(68, 'Little, Muller and Mueller', 1, '2024-10-26 09:43:13', '2024-11-03 00:03:14'),
(69, 'Crist, Keebler and Berge', 0, '2024-11-08 17:45:48', '2024-11-18 22:03:34'),
(70, 'Grady-Schmitt', 1, '2024-10-08 10:52:27', '2024-10-19 17:27:58'),
(71, 'Prosacco LLC', 1, '2024-10-01 07:49:23', '2024-11-08 20:53:13'),
(72, 'Mann, Grady and Christiansen', 0, '2024-10-16 16:10:40', '2024-11-24 15:00:25'),
(73, 'Becker-Fritsch', 0, '2024-10-09 12:02:46', '2024-11-28 22:33:05'),
(74, 'Lindgren-Jast', 0, '2024-11-28 06:47:59', '2024-11-29 06:47:24'),
(75, 'Kutch-Zieme', 1, '2024-10-21 20:29:40', '2024-11-26 17:21:55'),
(76, 'Fadel and Sons', 1, '2024-11-19 08:43:57', '2024-11-20 15:01:49'),
(77, 'Runolfsson and Sons', 0, '2024-11-13 19:33:30', '2024-11-20 13:24:11'),
(78, 'Feeney Ltd', 1, '2024-10-31 12:29:03', '2024-11-14 18:09:04'),
(79, 'Konopelski Ltd', 0, '2024-11-23 18:18:03', '2024-11-28 09:15:31'),
(80, 'Schroeder, D\'Amore and Senger', 1, '2024-10-18 12:46:39', '2024-11-27 17:08:26'),
(81, 'Spencer, Ankunding and Konopelski', 1, '2024-10-15 18:51:42', '2024-11-16 18:21:16'),
(82, 'Lind-Nitzsche', 0, '2024-11-19 10:41:14', '2024-11-24 19:54:56'),
(83, 'Zulauf, Thompson and Williamson', 1, '2024-11-27 07:21:53', '2024-11-28 01:15:10'),
(84, 'Gleichner, Mayer and Bruen', 1, '2024-10-19 08:45:47', '2024-11-12 11:41:43'),
(85, 'Raynor, Smith and Hand', 1, '2024-10-30 18:47:10', '2024-11-17 03:39:32'),
(86, 'Kassulke Group', 1, '2024-11-15 00:32:35', '2024-11-28 03:47:03'),
(87, 'Feil, Wisozk and Rowe', 1, '2024-11-07 06:58:19', '2024-11-19 05:21:47'),
(88, 'Cronin PLC', 1, '2024-11-13 05:37:50', '2024-11-19 01:23:49'),
(89, 'Jerde Ltd', 1, '2024-11-03 04:27:33', '2024-11-11 13:01:19'),
(90, 'Grant-Bernier', 1, '2024-10-19 10:25:45', '2024-11-02 00:17:40'),
(91, 'Hayes-Bartell', 1, '2024-10-20 20:14:56', '2024-11-10 02:24:01'),
(92, 'Stiedemann-McDermott', 1, '2024-11-26 14:18:36', '2024-11-27 13:47:50'),
(93, 'Halvorson Group', 1, '2024-11-14 23:23:36', '2024-11-22 04:08:32'),
(94, 'Price LLC', 0, '2024-11-04 23:31:58', '2024-11-19 11:08:55'),
(95, 'Herzog-Rutherford', 0, '2024-10-04 19:06:15', '2024-10-27 01:20:25'),
(96, 'Schmitt LLC', 1, '2024-11-18 06:14:55', '2024-11-19 02:34:11'),
(97, 'Sporer-Pacocha', 1, '2024-10-16 07:55:01', '2024-11-17 15:50:24'),
(98, 'Bednar and Sons', 1, '2024-11-05 12:52:36', '2024-11-10 06:56:44'),
(99, 'Krajcik-Medhurst', 1, '2024-11-19 03:18:34', '2024-11-24 16:20:17'),
(100, 'Klein Inc', 1, '2024-11-24 11:52:18', '2024-11-29 06:16:34'),
(101, 'Lynch Inc', 1, '2024-10-13 19:43:26', '2024-10-25 04:32:32'),
(102, 'Runolfsdottir-Daniel', 0, '2024-11-27 06:11:55', '2024-11-27 21:03:24'),
(103, 'DuBuque-D\'Amore', 1, '2024-11-25 08:05:15', '2024-11-26 16:58:23'),
(104, 'Bradtke PLC', 0, '2024-10-03 13:19:16', '2024-10-19 14:32:03'),
(105, 'Waters Ltd', 0, '2024-11-08 19:41:37', '2024-11-24 20:23:31'),
(106, 'Marquardt LLC', 1, '2024-11-09 09:43:23', '2024-11-16 23:30:03'),
(107, 'Cormier PLC', 1, '2024-11-21 18:09:36', '2024-11-27 09:58:59'),
(108, 'Weissnat-Nader', 1, '2024-10-07 10:56:59', '2024-11-12 11:00:11'),
(109, 'Bins, Hand and Pfeffer', 1, '2024-10-18 07:57:35', '2024-10-23 06:37:35'),
(110, 'King-Zemlak', 1, '2024-11-19 06:08:30', '2024-11-28 15:35:49'),
(111, 'Kris Inc', 0, '2024-11-17 20:26:32', '2024-11-18 09:27:30'),
(112, 'Jast-Baumbach', 1, '2024-10-31 06:31:30', '2024-11-12 22:51:23'),
(113, 'Cummings-Brekke', 0, '2024-10-20 00:28:36', '2024-10-26 12:06:30'),
(114, 'Marvin-Lockman', 1, '2024-09-29 07:35:26', '2024-10-24 07:41:43'),
(115, 'Beatty, Cremin and Abshire', 1, '2024-11-03 05:07:42', '2024-11-07 08:47:30'),
(116, 'Kub, Schultz and Ratke', 1, '2024-10-13 23:24:27', '2024-11-03 06:11:26'),
(117, 'Barton-Jenkins', 1, '2024-10-15 15:57:23', '2024-11-28 19:18:56'),
(118, 'Mayert, Moore and Kutch', 1, '2024-10-16 12:42:42', '2024-11-18 11:06:36'),
(119, 'Murray Group', 0, '2024-11-09 04:47:49', '2024-11-20 09:34:11'),
(120, 'Gusikowski Inc', 1, '2024-11-13 11:25:34', '2024-11-14 23:41:39'),
(121, 'Mosciski PLC', 0, '2024-11-20 07:03:04', '2024-11-24 23:35:59'),
(122, 'Gusikowski Ltd', 0, '2024-10-02 18:19:15', '2024-11-29 07:03:54'),
(123, 'Aufderhar, Pfannerstill and Reinger', 0, '2024-10-15 02:40:09', '2024-11-23 15:42:57'),
(124, 'Johnston, Fahey and Tremblay', 1, '2024-11-17 21:54:12', '2024-11-24 08:12:17'),
(125, 'Zemlak Group', 0, '2024-11-12 02:25:52', '2024-11-25 14:18:50'),
(126, 'Sanford-Schmeler', 1, '2024-10-25 07:04:13', '2024-10-26 08:11:31'),
(127, 'Gerhold-West', 0, '2024-10-02 05:57:55', '2024-10-12 12:31:38'),
(128, 'Kihn, Kuhn and Conroy', 1, '2024-11-27 09:08:06', '2024-11-28 06:47:16'),
(129, 'Hegmann and Sons', 0, '2024-11-16 04:54:51', '2024-11-16 17:11:53'),
(130, 'Barrows, Walsh and Gibson', 1, '2024-10-19 02:03:33', '2024-10-21 15:41:12'),
(131, 'Streich, Tromp and Kertzmann', 1, '2024-10-03 04:16:02', '2024-11-18 03:58:40'),
(132, 'Larkin-Spinka', 1, '2024-10-25 03:04:40', '2024-11-26 05:14:22'),
(133, 'Hane-Zboncak', 1, '2024-11-27 05:34:43', '2024-11-28 09:18:24'),
(134, 'Jacobson, Stroman and Deckow', 0, '2024-11-24 01:27:28', '2024-11-27 08:16:25'),
(135, 'Kilback-Langworth', 1, '2024-10-12 02:00:30', '2024-10-27 08:17:40'),
(136, 'Schroeder, Sauer and Little', 1, '2024-11-25 02:37:41', '2024-11-27 12:08:49'),
(137, 'Quitzon LLC', 0, '2024-10-26 03:22:14', '2024-11-02 14:35:52'),
(138, 'Hill-Thiel', 1, '2024-10-06 22:07:41', '2024-10-08 04:47:58'),
(139, 'Roob, Spinka and Davis', 1, '2024-10-19 00:49:21', '2024-11-05 17:20:53'),
(140, 'Olson, Bartoletti and Brakus', 1, '2024-10-08 00:40:00', '2024-11-03 12:58:19'),
(141, 'Spinka, Mitchell and Kemmer', 1, '2024-10-02 13:05:56', '2024-10-16 03:09:21'),
(142, 'Streich, Sporer and McCullough', 1, '2024-11-01 11:33:39', '2024-11-11 00:28:25'),
(143, 'Durgan-Hilpert', 1, '2024-11-06 21:48:42', '2024-11-15 14:51:29'),
(144, 'Boehm, Satterfield and Runolfsdottir', 0, '2024-10-22 17:25:10', '2024-11-23 19:05:01'),
(145, 'Mohr Group', 1, '2024-10-05 07:16:37', '2024-10-15 21:55:01'),
(146, 'Thiel, Dickens and Boehm', 1, '2024-11-19 06:03:47', '2024-11-28 11:25:49'),
(147, 'Weimann-Haley', 0, '2024-10-02 06:58:02', '2024-10-26 14:10:52'),
(148, 'Rowe Inc', 1, '2024-11-13 09:25:00', '2024-11-15 11:58:13'),
(149, 'Crona-Koss', 1, '2024-10-13 06:27:16', '2024-11-15 17:31:54'),
(150, 'Daniel-Pollich', 0, '2024-10-17 06:08:00', '2024-11-16 10:08:50'),
(151, 'Bahringer-O\'Conner', 0, '2024-10-26 14:56:31', '2024-11-03 10:59:46'),
(152, 'Sporer PLC', 0, '2024-11-28 14:39:00', '2024-11-29 07:52:57'),
(153, 'Langworth and Sons', 1, '2024-10-30 16:56:05', '2024-11-06 17:12:26'),
(154, 'White and Sons', 1, '2024-10-16 01:14:20', '2024-11-16 21:03:33'),
(155, 'Walter-Medhurst', 1, '2024-10-16 00:23:11', '2024-11-15 11:44:58'),
(156, 'Kilback, Toy and Parker', 1, '2024-11-09 17:48:36', '2024-11-17 13:16:29'),
(157, 'Tromp, Tremblay and Gerhold', 0, '2024-11-27 16:57:47', '2024-11-29 02:25:12'),
(158, 'Tremblay Ltd', 0, '2024-10-05 02:02:44', '2024-10-30 06:34:57'),
(159, 'Reichert, Tromp and Eichmann', 1, '2024-10-02 18:54:50', '2024-11-28 20:54:56'),
(160, 'Harris-Casper', 1, '2024-11-12 01:49:13', '2024-11-18 18:44:32'),
(161, 'Goyette, Ziemann and Kilback', 1, '2024-10-18 20:51:44', '2024-11-27 13:27:53'),
(162, 'Buckridge Inc', 1, '2024-11-14 02:50:38', '2024-11-18 18:03:03'),
(163, 'Hermiston-McKenzie', 1, '2024-10-03 14:34:36', '2024-11-10 13:23:05'),
(164, 'Cummerata Group', 0, '2024-10-19 10:20:58', '2024-11-07 00:37:25'),
(165, 'Zulauf, Russel and Kovacek', 1, '2024-10-09 13:15:29', '2024-10-13 12:00:48'),
(166, 'Bashirian, Leffler and Hartmann', 1, '2024-11-20 22:41:13', '2024-11-26 00:38:34'),
(167, 'Prohaska LLC', 1, '2024-11-21 03:01:41', '2024-11-22 10:31:34'),
(168, 'Casper-Jast', 0, '2024-09-29 12:01:56', '2024-11-16 03:04:52'),
(169, 'Fritsch, Erdman and Yost', 0, '2024-10-14 19:49:58', '2024-10-19 08:26:54'),
(170, 'Corkery Ltd', 1, '2024-11-24 11:45:04', '2024-11-28 02:37:07'),
(171, 'Mann Group', 1, '2024-10-25 00:55:53', '2024-10-25 03:02:48'),
(172, 'O\'Reilly LLC', 1, '2024-11-03 20:37:13', '2024-11-25 09:17:33'),
(173, 'McKenzie Ltd', 0, '2024-10-29 20:42:04', '2024-11-20 02:56:41'),
(174, 'Auer-O\'Hara', 1, '2024-10-08 15:35:44', '2024-11-22 04:36:55'),
(175, 'Wiza, Walter and Hessel', 1, '2024-10-21 06:23:33', '2024-10-31 15:16:21'),
(176, 'Hill-Zulauf', 1, '2024-11-17 21:13:50', '2024-11-19 21:33:10'),
(177, 'Lubowitz, Kemmer and Rolfson', 1, '2024-11-05 06:08:18', '2024-11-20 22:16:00'),
(178, 'Koelpin, Dibbert and Halvorson', 1, '2024-10-09 21:50:32', '2024-11-01 14:53:26'),
(179, 'Gulgowski, Jast and Moore', 1, '2024-11-11 11:22:54', '2024-11-12 18:15:54'),
(180, 'Steuber, Leannon and Schultz', 1, '2024-10-11 07:01:07', '2024-11-11 20:01:38'),
(181, 'Emard and Sons', 0, '2024-11-20 20:01:33', '2024-11-28 23:08:58'),
(182, 'Schiller, Herman and Pacocha', 0, '2024-11-20 11:10:02', '2024-11-25 00:33:45'),
(183, 'D\'Amore-Feil', 0, '2024-11-24 10:45:03', '2024-11-26 18:06:09'),
(184, 'Hand-Gleichner', 1, '2024-10-20 15:35:59', '2024-11-09 19:09:48'),
(185, 'Huels PLC', 1, '2024-10-12 07:42:06', '2024-11-06 06:18:57'),
(186, 'DuBuque, Lemke and Heathcote', 1, '2024-11-14 09:34:22', '2024-11-20 06:49:03'),
(187, 'Russel Ltd', 0, '2024-11-27 02:12:51', '2024-11-28 16:53:10'),
(188, 'Wolff, Frami and Bogisich', 1, '2024-10-30 11:59:43', '2024-11-05 06:56:04'),
(189, 'Kemmer, Toy and Purdy', 1, '2024-10-07 06:20:32', '2024-10-17 17:43:28'),
(190, 'Leffler Group', 0, '2024-10-17 15:04:22', '2024-11-07 23:39:15'),
(191, 'Runolfsdottir Group', 1, '2024-11-16 21:59:16', '2024-11-19 08:29:38'),
(192, 'Stracke and Sons', 1, '2024-11-20 22:06:59', '2024-11-29 04:40:48'),
(193, 'Anderson-Will', 1, '2024-10-11 20:34:11', '2024-10-16 07:31:18'),
(194, 'Rice-Vandervort', 1, '2024-10-29 02:56:37', '2024-10-29 13:35:43'),
(195, 'Hessel, Armstrong and Jacobi', 1, '2024-11-11 07:59:09', '2024-11-22 18:04:17'),
(196, 'Breitenberg, Blanda and Beatty', 0, '2024-11-09 09:21:40', '2024-11-26 23:09:48'),
(197, 'Breitenberg, Cremin and Schuppe', 1, '2024-11-19 15:14:53', '2024-11-27 01:29:31'),
(198, 'Frami, Daugherty and Schroeder', 1, '2024-10-31 05:36:23', '2024-10-31 11:15:29'),
(199, 'Wunsch, Haag and Huel', 1, '2024-11-11 01:44:26', '2024-11-12 21:34:48'),
(200, 'Ferry, Wehner and Kuvalis', 0, '2024-11-15 11:33:43', '2024-11-19 00:02:24'),
(201, 'Labadie, Stanton and Bartell', 1, '2024-09-29 10:32:05', '2024-10-08 23:53:44'),
(202, 'Ryan-Green', 1, '2024-11-17 23:47:06', '2024-11-23 01:35:23'),
(203, 'Jacobson, Kirlin and Leannon', 1, '2024-11-10 13:54:37', '2024-11-13 11:36:10'),
(204, 'Reichert Group', 1, '2024-11-14 15:12:28', '2024-11-24 05:42:03'),
(205, 'Borer Ltd', 1, '2024-10-20 15:25:57', '2024-11-25 07:30:44'),
(206, 'Beatty Ltd', 1, '2024-11-01 02:25:11', '2024-11-06 08:09:09'),
(207, 'McKenzie, Abernathy and Kovacek', 0, '2024-11-16 21:38:24', '2024-11-28 06:30:09'),
(208, 'Schultz Ltd', 1, '2024-10-25 01:14:20', '2024-10-25 20:08:30'),
(209, 'Aufderhar-Beahan', 0, '2024-11-18 14:24:39', '2024-11-20 01:25:16'),
(210, 'Purdy, Beatty and Smitham', 0, '2024-10-29 22:07:45', '2024-11-18 05:04:45'),
(211, 'Witting-Bergnaum', 1, '2024-10-16 14:27:42', '2024-11-24 22:14:15'),
(212, 'Stehr Group', 1, '2024-11-23 10:36:19', '2024-11-24 12:08:35'),
(213, 'Cremin, Thiel and Nader', 1, '2024-10-21 03:24:14', '2024-11-17 21:27:23'),
(214, 'Thiel-Cremin', 1, '2024-11-28 10:01:53', '2024-11-28 19:25:15'),
(215, 'Mayer Group', 1, '2024-10-19 11:54:22', '2024-11-24 06:20:37'),
(216, 'Hills, Turcotte and Abbott', 1, '2024-10-06 16:51:38', '2024-10-20 17:47:44'),
(217, 'Marks-Schultz', 0, '2024-10-15 16:07:04', '2024-11-18 09:13:42'),
(218, 'Schuster, Parisian and Collier', 1, '2024-10-31 12:11:04', '2024-11-15 03:35:48'),
(219, 'Greenholt Inc', 1, '2024-11-11 12:36:45', '2024-11-12 22:40:41'),
(220, 'Collins, Bode and Ortiz', 1, '2024-11-12 12:17:47', '2024-11-17 08:01:26'),
(221, 'Powlowski Group', 0, '2024-11-25 11:08:53', '2024-11-27 12:37:17'),
(222, 'Heaney, Prosacco and Schuppe', 1, '2024-10-14 03:21:42', '2024-11-26 11:36:59'),
(223, 'O\'Reilly-Connelly', 1, '2024-10-20 14:42:48', '2024-11-22 07:13:18'),
(224, 'Nolan LLC', 0, '2024-10-30 13:17:56', '2024-11-12 18:49:45'),
(225, 'Conn Inc', 1, '2024-10-29 08:34:30', '2024-11-17 01:37:55'),
(226, 'Grady, Goyette and Considine', 1, '2024-10-11 17:45:32', '2024-11-11 18:29:39'),
(227, 'Ullrich Group', 0, '2024-11-26 18:33:29', '2024-11-27 13:45:26'),
(228, 'Johns Ltd', 1, '2024-10-27 13:39:02', '2024-11-17 02:55:54'),
(229, 'Ferry, Mayert and Mertz', 1, '2024-10-28 21:14:31', '2024-11-27 06:02:43'),
(230, 'Dooley, Blanda and Ankunding', 1, '2024-10-10 20:01:45', '2024-10-13 14:07:53'),
(231, 'Huels, Rau and Mante', 1, '2024-11-25 11:49:27', '2024-11-28 10:56:11'),
(232, 'Kovacek-Bashirian', 0, '2024-10-15 13:54:48', '2024-11-12 06:38:28'),
(233, 'Gutkowski-Beier', 1, '2024-11-25 04:15:04', '2024-11-27 19:11:21'),
(234, 'Thiel, Hahn and Bogisich', 0, '2024-10-20 18:59:36', '2024-11-24 08:37:19'),
(235, 'Kiehn-Barrows', 0, '2024-10-25 06:17:03', '2024-10-25 11:57:50'),
(236, 'Marquardt, Walsh and Schmeler', 1, '2024-11-15 20:58:28', '2024-11-18 10:10:02'),
(237, 'Crooks-Rau', 1, '2024-10-20 12:45:16', '2024-10-28 08:00:11'),
(238, 'Roob, Schneider and Schamberger', 1, '2024-10-24 06:16:39', '2024-11-24 11:02:37'),
(239, 'Daugherty-Kuhlman', 1, '2024-10-26 13:38:08', '2024-11-18 10:00:25'),
(240, 'Rippin, Wehner and Russel', 1, '2024-11-25 00:40:29', '2024-11-28 11:36:10'),
(241, 'Barrows Ltd', 0, '2024-11-15 15:28:11', '2024-11-15 19:21:47'),
(242, 'Pfannerstill, Hettinger and Bailey', 0, '2024-10-11 21:51:41', '2024-10-13 20:33:17'),
(243, 'Pfeffer Group', 0, '2024-11-12 21:35:32', '2024-11-17 00:00:37'),
(244, 'Cummings, Pacocha and Koelpin', 1, '2024-11-14 21:53:21', '2024-11-24 13:59:56'),
(245, 'Beier-Fahey', 1, '2024-10-10 04:02:12', '2024-10-11 03:51:22'),
(246, 'Altenwerth-Vandervort', 1, '2024-10-21 04:34:50', '2024-11-27 15:01:10'),
(247, 'Hermiston Group', 1, '2024-10-19 05:25:08', '2024-11-05 13:53:27'),
(248, 'Auer and Sons', 1, '2024-11-24 20:53:30', '2024-11-26 13:40:59'),
(249, 'Upton-Schulist', 1, '2024-11-02 18:00:05', '2024-11-14 03:47:44'),
(250, 'Jakubowski-Kling', 1, '2024-10-17 19:55:40', '2024-10-30 08:50:06'),
(251, 'Feil Group', 1, '2024-10-14 15:59:34', '2024-10-17 00:41:08'),
(252, 'Sawayn Group', 0, '2024-11-19 14:43:14', '2024-11-27 17:49:18'),
(253, 'Jaskolski-Parker', 0, '2024-10-02 17:18:50', '2024-11-24 11:33:20'),
(254, 'Klocko Inc', 1, '2024-11-25 22:29:05', '2024-11-28 22:12:21'),
(255, 'Roob, DuBuque and Rippin', 0, '2024-10-21 10:06:01', '2024-11-22 15:22:12'),
(256, 'Auer-Predovic', 1, '2024-10-11 23:00:28', '2024-10-20 06:42:15'),
(257, 'Krajcik, Volkman and Hintz', 0, '2024-10-05 07:08:43', '2024-10-17 11:31:41'),
(258, 'Turcotte-Hilpert', 1, '2024-10-13 19:28:54', '2024-10-22 03:25:23'),
(259, 'Olson, Rice and McKenzie', 1, '2024-11-07 23:38:12', '2024-11-26 01:34:59'),
(260, 'Pouros-Lesch', 0, '2024-10-23 15:29:04', '2024-11-03 23:12:35'),
(261, 'Champlin-Altenwerth', 1, '2024-10-12 15:29:20', '2024-11-09 02:27:02'),
(262, 'Denesik-Langworth', 1, '2024-11-21 20:19:04', '2024-11-25 09:04:57'),
(263, 'Kiehn LLC', 1, '2024-10-23 09:03:08', '2024-11-19 04:14:59'),
(264, 'Glover Group', 1, '2024-10-09 23:13:36', '2024-11-03 18:46:50'),
(265, 'Reinger, Ratke and Connelly', 1, '2024-10-03 12:19:59', '2024-11-01 22:56:27'),
(266, 'Lehner, Wilderman and Becker', 1, '2024-11-01 01:45:16', '2024-11-13 08:04:57'),
(267, 'Luettgen, Wolff and Cormier', 1, '2024-10-07 11:10:13', '2024-10-14 14:35:41'),
(268, 'Graham, Turner and Nienow', 1, '2024-10-13 13:03:17', '2024-11-05 20:47:46'),
(269, 'Bode, Koss and Marquardt', 0, '2024-11-03 00:19:27', '2024-11-15 01:40:36'),
(270, 'Lemke and Sons', 1, '2024-10-29 23:13:24', '2024-11-27 13:49:55'),
(271, 'Goodwin-McKenzie', 0, '2024-10-18 16:29:54', '2024-11-14 03:37:02'),
(272, 'Kutch-Roberts', 1, '2024-11-07 06:29:58', '2024-11-18 20:11:37'),
(273, 'Volkman, Bradtke and Zulauf', 1, '2024-10-28 12:07:18', '2024-11-27 11:36:27'),
(274, 'Ullrich LLC', 1, '2024-10-13 13:39:00', '2024-11-08 13:40:04'),
(275, 'VonRueden, Littel and Hill', 1, '2024-11-13 00:27:25', '2024-11-22 04:07:05'),
(276, 'Ernser, Volkman and Casper', 1, '2024-11-27 22:16:09', '2024-11-28 07:48:32'),
(277, 'Bogisich Inc', 1, '2024-10-31 02:17:03', '2024-11-22 13:55:36'),
(278, 'Fay-Ratke', 0, '2024-10-18 09:48:40', '2024-10-24 17:31:57'),
(279, 'Hermann-Hand', 1, '2024-11-22 10:43:29', '2024-11-25 02:04:47'),
(280, 'Baumbach LLC', 1, '2024-10-08 05:36:00', '2024-11-03 07:07:25'),
(281, 'Brakus, Gaylord and Walter', 1, '2024-10-12 09:19:46', '2024-11-25 12:06:26'),
(282, 'Kub-Koss', 1, '2024-10-02 20:05:24', '2024-11-11 09:38:07'),
(283, 'Gulgowski, Hickle and Crooks', 0, '2024-10-14 14:10:23', '2024-11-06 00:35:43'),
(284, 'Hodkiewicz Ltd', 0, '2024-10-16 02:51:10', '2024-10-31 20:10:07'),
(285, 'Glover-Trantow', 1, '2024-11-19 13:48:03', '2024-11-28 03:23:11'),
(286, 'Beahan, Tremblay and Blanda', 1, '2024-11-17 23:44:15', '2024-11-24 19:49:18'),
(287, 'Hansen LLC', 0, '2024-10-15 09:42:47', '2024-10-24 09:28:45'),
(288, 'Halvorson, Buckridge and Bashirian', 1, '2024-11-13 04:41:14', '2024-11-25 22:19:32'),
(289, 'Torphy, Feeney and Mayer', 1, '2024-11-28 06:35:42', '2024-11-28 10:09:11'),
(290, 'Block Ltd', 1, '2024-11-08 01:48:02', '2024-11-24 14:04:21'),
(291, 'Ebert, Okuneva and Morissette', 1, '2024-10-14 05:59:48', '2024-11-15 16:41:31'),
(292, 'Daniel-Trantow', 1, '2024-10-23 02:02:31', '2024-11-03 20:06:39'),
(293, 'Willms-Jenkins', 1, '2024-11-20 07:48:52', '2024-11-26 12:46:23'),
(294, 'Wyman-Lang', 1, '2024-10-23 19:45:24', '2024-11-18 11:48:42'),
(295, 'Gerhold, Spencer and Nienow', 1, '2024-09-30 09:41:40', '2024-10-27 01:08:03'),
(296, 'Dach PLC', 0, '2024-11-14 05:31:54', '2024-11-19 01:00:14'),
(297, 'Schamberger-O\'Kon', 1, '2024-11-15 11:41:54', '2024-11-20 23:02:43'),
(298, 'Hammes, Jenkins and Kshlerin', 0, '2024-10-22 16:47:19', '2024-11-10 07:59:15'),
(299, 'Schimmel, McClure and Harvey', 0, '2024-10-17 21:03:47', '2024-11-12 20:49:04'),
(300, 'Bartoletti Inc', 0, '2024-11-15 07:35:49', '2024-11-28 15:42:53'),
(301, 'McCullough-Mueller', 1, '2024-11-27 13:31:36', '2024-11-28 22:13:27'),
(302, 'Bernhard, Koepp and Sawayn', 0, '2024-10-24 02:59:18', '2024-11-18 12:24:00'),
(303, 'Wuckert-Oberbrunner', 1, '2024-10-09 09:59:02', '2024-10-10 03:30:36'),
(304, 'Pfeffer-Kulas', 1, '2024-11-08 15:24:26', '2024-11-11 19:05:01'),
(305, 'Shields Inc', 0, '2024-10-20 22:39:01', '2024-11-02 03:57:56'),
(306, 'Zieme, Bayer and Walker', 1, '2024-11-09 07:15:35', '2024-11-14 21:44:38'),
(307, 'Kuhlman Ltd', 0, '2024-10-11 15:02:50', '2024-11-25 12:22:00'),
(308, 'Wiza Group', 0, '2024-10-30 01:50:08', '2024-11-14 08:44:45'),
(309, 'Harris PLC', 1, '2024-11-14 09:44:22', '2024-11-16 21:05:03'),
(310, 'Boehm LLC', 0, '2024-10-05 20:43:57', '2024-11-17 02:14:19'),
(311, 'Hand-Kihn', 0, '2024-11-04 04:10:53', '2024-11-12 16:32:48'),
(312, 'Kilback, Runolfsdottir and Crooks', 1, '2024-11-06 11:36:12', '2024-11-18 18:45:05'),
(313, 'Lang-Welch', 0, '2024-11-01 18:11:04', '2024-11-14 15:24:17'),
(314, 'Miller-Daniel', 1, '2024-10-13 13:41:18', '2024-11-03 20:09:21'),
(315, 'Hahn PLC', 1, '2024-11-15 02:04:08', '2024-11-26 10:26:29'),
(316, 'Torp-Kris', 0, '2024-11-12 22:16:27', '2024-11-18 12:24:20'),
(317, 'Swaniawski-Johns', 1, '2024-11-17 03:01:41', '2024-11-21 15:42:44'),
(318, 'Treutel, Kuvalis and Conn', 1, '2024-11-28 09:41:20', '2024-11-28 11:06:14'),
(319, 'Gerhold PLC', 1, '2024-11-19 01:25:41', '2024-11-25 17:05:20'),
(320, 'Doyle, Bogan and Streich', 1, '2024-11-23 22:10:41', '2024-11-28 10:28:28'),
(321, 'Ledner, Bahringer and Hermann', 1, '2024-09-29 10:53:53', '2024-10-18 23:55:24'),
(322, 'Reynolds-Wilderman', 0, '2024-11-14 13:36:03', '2024-11-17 19:37:50'),
(323, 'Oberbrunner Ltd', 1, '2024-11-14 09:58:26', '2024-11-17 23:03:29'),
(324, 'Weimann PLC', 0, '2024-10-13 13:05:30', '2024-11-04 13:25:55'),
(325, 'Cummerata LLC', 1, '2024-10-18 15:35:53', '2024-11-17 11:48:42'),
(326, 'Dooley Group', 1, '2024-11-13 18:55:29', '2024-11-21 05:50:19'),
(327, 'Boehm, McGlynn and Hayes', 1, '2024-10-23 14:06:32', '2024-11-17 10:16:53'),
(328, 'Bayer Ltd', 1, '2024-10-15 14:24:24', '2024-11-25 04:30:47'),
(329, 'Ryan, Huel and Harris', 1, '2024-10-20 02:19:26', '2024-11-21 17:54:29'),
(330, 'Botsford-Welch', 1, '2024-10-06 02:36:38', '2024-11-03 08:26:51'),
(331, 'Shanahan-Haag', 0, '2024-10-15 00:00:09', '2024-11-01 21:16:42'),
(332, 'Kshlerin, Smith and Hartmann', 1, '2024-11-25 16:44:03', '2024-11-28 12:50:43'),
(333, 'Ankunding-West', 1, '2024-11-27 14:54:45', '2024-11-29 01:11:37'),
(334, 'Veum-Kirlin', 1, '2024-10-29 14:31:41', '2024-11-13 23:41:51'),
(335, 'Muller-Luettgen', 0, '2024-11-13 23:38:59', '2024-11-17 02:32:26'),
(336, 'Kulas and Sons', 0, '2024-10-01 08:16:39', '2024-11-09 09:45:41'),
(337, 'Schuppe-Brekke', 1, '2024-10-06 23:07:06', '2024-11-24 20:04:33'),
(338, 'Connelly-Bernhard', 1, '2024-10-05 00:25:02', '2024-10-15 21:01:01'),
(339, 'Ebert-Herzog', 1, '2024-09-29 10:54:52', '2024-10-13 11:32:05'),
(340, 'Jenkins-Robel', 0, '2024-10-08 23:19:42', '2024-11-26 03:15:25'),
(341, 'Mann-O\'Keefe', 1, '2024-10-26 10:59:12', '2024-11-16 08:49:14'),
(342, 'McGlynn Inc', 1, '2024-10-06 20:58:43', '2024-10-21 02:54:28'),
(343, 'Hauck and Sons', 1, '2024-10-05 05:34:55', '2024-10-29 04:57:19'),
(344, 'Hintz-Hahn', 1, '2024-10-21 03:32:55', '2024-11-01 06:11:10'),
(345, 'Luettgen-Skiles', 1, '2024-10-11 03:54:36', '2024-10-30 15:38:04'),
(346, 'Rau and Sons', 0, '2024-11-04 21:50:46', '2024-11-16 07:22:32'),
(347, 'Kuhic-Mraz', 1, '2024-11-21 09:16:09', '2024-11-22 13:45:24'),
(348, 'Balistreri and Sons', 1, '2024-10-02 09:22:18', '2024-10-04 23:34:53'),
(349, 'DuBuque-Veum', 1, '2024-10-31 10:00:10', '2024-11-28 11:05:36'),
(350, 'Marvin Group', 0, '2024-10-10 08:09:22', '2024-11-18 15:19:48'),
(351, 'Gulgowski-Ratke', 1, '2024-11-19 04:47:48', '2024-11-21 06:57:19'),
(352, 'Ward, Mitchell and Bartell', 1, '2024-10-28 16:39:53', '2024-11-14 14:42:32'),
(353, 'Crooks Ltd', 1, '2024-11-19 13:51:35', '2024-11-23 17:38:08'),
(354, 'Skiles PLC', 0, '2024-11-14 12:49:49', '2024-11-26 16:06:02'),
(355, 'Lynch LLC', 1, '2024-11-24 15:48:51', '2024-11-29 05:03:06'),
(356, 'Christiansen, Price and Dickens', 1, '2024-10-02 19:55:04', '2024-10-07 07:56:44'),
(357, 'Kshlerin Ltd', 0, '2024-11-07 15:46:05', '2024-11-24 12:12:36'),
(358, 'Brakus LLC', 1, '2024-10-15 18:01:23', '2024-10-19 15:42:34'),
(359, 'Crooks-Huel', 1, '2024-11-26 02:51:10', '2024-11-27 22:25:48'),
(360, 'Predovic Inc', 0, '2024-10-02 14:19:47', '2024-11-01 22:02:05'),
(361, 'Cummings-Emmerich', 1, '2024-11-20 05:09:11', '2024-11-23 01:04:27'),
(362, 'Funk-Konopelski', 0, '2024-10-07 16:54:36', '2024-11-22 14:26:28'),
(363, 'Gleichner Group', 1, '2024-11-13 18:23:24', '2024-11-23 23:14:53'),
(364, 'Jerde PLC', 0, '2024-11-16 02:36:57', '2024-11-17 07:21:13'),
(365, 'Hyatt Inc', 1, '2024-11-06 15:02:21', '2024-11-27 04:35:01'),
(366, 'Leffler, Bernhard and Mann', 1, '2024-10-12 19:09:20', '2024-10-29 18:11:32'),
(367, 'Kirlin, Lakin and Ebert', 1, '2024-11-04 17:17:13', '2024-11-13 23:29:45'),
(368, 'Wintheiser-Dibbert', 1, '2024-11-27 15:28:43', '2024-11-27 21:34:52'),
(369, 'Leffler LLC', 0, '2024-11-13 14:53:01', '2024-11-21 16:03:14'),
(370, 'Larkin, Satterfield and Gibson', 1, '2024-11-13 15:46:56', '2024-11-16 09:13:02'),
(371, 'Wyman-Kutch', 0, '2024-11-18 05:17:24', '2024-11-26 19:18:31'),
(372, 'Jenkins-Kiehn', 1, '2024-11-02 08:40:13', '2024-11-15 10:04:28'),
(373, 'Hodkiewicz Ltd', 1, '2024-10-09 05:26:55', '2024-11-21 23:21:40'),
(374, 'Daugherty and Sons', 1, '2024-10-04 02:52:10', '2024-10-11 23:21:19'),
(375, 'Reichert, Koch and Mueller', 1, '2024-10-19 16:08:15', '2024-10-23 17:07:26'),
(376, 'Stiedemann Inc', 0, '2024-10-09 21:28:21', '2024-11-05 02:54:06'),
(377, 'Carter-Schmitt', 1, '2024-10-12 09:48:12', '2024-10-24 05:25:40'),
(378, 'Oberbrunner, Glover and Rath', 0, '2024-10-08 12:29:33', '2024-11-25 10:01:01'),
(379, 'Brekke LLC', 1, '2024-10-05 01:12:37', '2024-11-06 14:04:33'),
(380, 'Howe, Carroll and Beahan', 1, '2024-11-25 19:37:54', '2024-11-26 20:09:18'),
(381, 'Lueilwitz-Murphy', 1, '2024-10-19 20:00:57', '2024-10-27 21:11:05'),
(382, 'Champlin-Stroman', 1, '2024-11-15 10:53:44', '2024-11-25 22:04:56'),
(383, 'Carter Ltd', 1, '2024-10-24 06:08:54', '2024-11-17 04:40:32'),
(384, 'Legros, Macejkovic and Renner', 1, '2024-11-27 07:50:37', '2024-11-28 14:28:05'),
(385, 'Cassin-Legros', 1, '2024-11-28 03:30:33', '2024-11-29 06:10:56'),
(386, 'Strosin PLC', 0, '2024-11-06 19:40:37', '2024-11-15 21:02:54'),
(387, 'Windler, Murray and Nolan', 1, '2024-10-13 02:47:04', '2024-10-25 23:50:12'),
(388, 'Huels-Beier', 1, '2024-10-05 21:50:38', '2024-11-22 12:23:57'),
(389, 'Hyatt-Moore', 1, '2024-10-27 08:48:00', '2024-11-01 18:46:31'),
(390, 'Langworth-Bogisich', 1, '2024-11-02 02:44:32', '2024-11-27 16:01:44'),
(391, 'Pagac LLC', 1, '2024-11-01 19:53:12', '2024-11-29 02:53:32'),
(392, 'Gerhold-Gislason', 1, '2024-10-10 20:44:55', '2024-11-26 16:19:14'),
(393, 'Ortiz, Larson and Rempel', 1, '2024-10-22 15:16:45', '2024-10-29 20:39:52'),
(394, 'Connelly, Dooley and Robel', 1, '2024-10-15 22:03:58', '2024-10-21 03:19:10'),
(395, 'Zieme Inc', 0, '2024-10-27 02:24:08', '2024-11-13 19:27:18'),
(396, 'Rath Group', 1, '2024-11-11 18:07:29', '2024-11-23 16:58:08'),
(397, 'Barrows-Graham', 0, '2024-10-24 06:18:31', '2024-11-05 18:51:19'),
(398, 'Bailey Inc', 1, '2024-11-29 07:19:14', '2024-11-29 07:57:26'),
(399, 'Bruen, Fay and Pfannerstill', 1, '2024-10-18 13:01:26', '2024-11-10 11:11:09'),
(400, 'Halvorson-Hessel', 1, '2024-10-21 14:19:56', '2024-11-15 14:43:07'),
(401, 'Cassin, Lakin and Gleason', 1, '2024-10-19 17:36:24', '2024-10-24 18:18:45'),
(402, 'Haley-Zulauf', 1, '2024-10-21 00:28:42', '2024-11-19 08:22:26'),
(403, 'Johnson Group', 1, '2024-10-17 05:23:03', '2024-11-23 17:59:18'),
(404, 'Gorczany-Conroy', 1, '2024-11-24 05:30:46', '2024-11-28 14:45:46'),
(405, 'Wuckert-Lindgren', 1, '2024-11-21 04:12:17', '2024-11-26 03:10:52'),
(406, 'Tillman Group', 0, '2024-10-03 05:52:35', '2024-11-08 02:55:09'),
(407, 'Harvey, Becker and Dare', 1, '2024-11-06 12:38:17', '2024-11-09 00:01:33'),
(408, 'Osinski PLC', 1, '2024-10-17 11:13:40', '2024-10-23 21:33:23'),
(409, 'Wiegand, Botsford and Fisher', 1, '2024-11-06 18:13:17', '2024-11-22 20:34:10'),
(410, 'Feil-Quigley', 1, '2024-11-24 14:54:16', '2024-11-24 19:57:18'),
(411, 'Luettgen-Halvorson', 1, '2024-10-10 12:38:57', '2024-10-30 04:54:38'),
(412, 'Harris-Boehm', 1, '2024-10-29 18:25:38', '2024-11-09 12:31:31'),
(413, 'Toy-Lowe', 1, '2024-11-24 04:54:39', '2024-11-27 04:02:25'),
(414, 'Jakubowski, Schneider and Raynor', 1, '2024-10-26 07:35:53', '2024-11-25 20:15:19'),
(415, 'Stracke-Harvey', 0, '2024-11-20 00:48:00', '2024-11-26 06:35:24'),
(416, 'Metz, Heller and Johns', 1, '2024-10-19 19:42:51', '2024-11-12 17:52:46'),
(417, 'Mills-Wiza', 0, '2024-11-20 17:22:39', '2024-11-29 01:44:43'),
(418, 'Fadel PLC', 1, '2024-11-16 17:30:03', '2024-11-18 09:23:49'),
(419, 'Dickens-Donnelly', 1, '2024-10-26 13:17:29', '2024-11-22 19:31:33'),
(420, 'Reilly PLC', 1, '2024-11-17 08:38:04', '2024-11-21 12:11:29'),
(421, 'Goodwin, Ondricka and Mills', 0, '2024-09-30 19:55:38', '2024-11-06 01:42:01'),
(422, 'Schumm, Batz and Wisoky', 1, '2024-10-09 19:43:28', '2024-11-15 23:06:31'),
(423, 'Green-Grimes', 1, '2024-11-02 20:59:40', '2024-11-05 15:49:55'),
(424, 'Pagac, Lockman and Gislason', 1, '2024-10-28 05:45:07', '2024-11-06 20:51:16'),
(425, 'Schimmel-Kirlin', 1, '2024-10-18 05:52:07', '2024-11-07 22:35:14'),
(426, 'Schroeder-Heaney', 1, '2024-11-06 12:56:38', '2024-11-17 22:54:13'),
(427, 'Bode, Lynch and Waelchi', 1, '2024-11-17 15:08:41', '2024-11-17 15:59:42'),
(428, 'Haley, Crona and Lang', 0, '2024-11-18 18:47:33', '2024-11-24 11:03:11'),
(429, 'Donnelly, Donnelly and Pouros', 1, '2024-11-15 04:13:13', '2024-11-18 20:20:29'),
(430, 'Davis Inc', 1, '2024-11-04 17:37:13', '2024-11-07 04:20:42'),
(431, 'Christiansen-Leffler', 1, '2024-10-07 16:05:37', '2024-11-13 01:42:33'),
(432, 'Turcotte, Doyle and Rau', 1, '2024-11-11 13:15:38', '2024-11-13 16:09:44'),
(433, 'Greenfelder-Dickens', 1, '2024-10-22 14:11:05', '2024-10-24 10:08:32'),
(434, 'Moen LLC', 1, '2024-10-24 10:07:47', '2024-10-31 21:32:45'),
(435, 'Feeney, Weissnat and Schimmel', 1, '2024-11-13 19:42:11', '2024-11-14 12:29:19'),
(436, 'Jones-Shanahan', 0, '2024-11-01 15:02:11', '2024-11-11 08:35:11'),
(437, 'Kreiger, Rutherford and Bruen', 1, '2024-11-04 00:44:47', '2024-11-28 03:24:20'),
(438, 'Stroman LLC', 1, '2024-10-06 22:26:35', '2024-10-10 11:41:00'),
(439, 'Boehm-Greenholt', 1, '2024-11-12 06:27:21', '2024-11-16 07:17:02'),
(440, 'Hintz, Abbott and Murphy', 1, '2024-11-20 14:16:08', '2024-11-28 17:53:45'),
(441, 'Stokes Inc', 1, '2024-11-04 23:12:18', '2024-11-22 16:02:09'),
(442, 'Jones, Wiegand and Bode', 0, '2024-10-19 03:49:24', '2024-11-24 10:22:15'),
(443, 'Mayert, Mayert and Berge', 1, '2024-11-02 23:57:00', '2024-11-27 17:49:28'),
(444, 'Legros-Blanda', 1, '2024-10-08 13:19:35', '2024-11-07 16:21:20'),
(445, 'O\'Hara-Paucek', 1, '2024-11-29 02:46:12', '2024-11-29 06:38:31'),
(446, 'Robel Ltd', 1, '2024-11-19 17:04:58', '2024-11-24 09:29:50'),
(447, 'Emmerich-DuBuque', 0, '2024-10-30 20:59:09', '2024-11-24 00:24:28'),
(448, 'Zulauf, Boyle and Gutmann', 1, '2024-10-08 02:36:53', '2024-10-12 13:58:47'),
(449, 'Fay and Sons', 0, '2024-10-31 00:33:02', '2024-11-18 09:07:58'),
(450, 'Cole Ltd', 0, '2024-11-16 09:23:22', '2024-11-20 18:42:56'),
(451, 'Crooks Group', 0, '2024-11-13 10:48:47', '2024-11-16 20:19:15'),
(452, 'White-Spencer', 1, '2024-11-19 20:12:13', '2024-11-27 05:59:50'),
(453, 'Koss-Crooks', 1, '2024-11-28 05:55:21', '2024-11-28 19:09:36'),
(454, 'Thompson, Kunde and Graham', 0, '2024-11-23 11:42:11', '2024-11-28 21:04:49'),
(455, 'Renner-Deckow', 1, '2024-11-08 15:41:37', '2024-11-19 04:30:01'),
(456, 'Williamson-Kuphal', 1, '2024-11-20 05:23:55', '2024-11-26 03:36:49'),
(457, 'Klein-O\'Keefe', 1, '2024-11-24 01:35:47', '2024-11-24 05:23:04'),
(458, 'Treutel LLC', 0, '2024-10-18 13:27:43', '2024-11-14 22:34:39'),
(459, 'Hilpert Ltd', 0, '2024-10-18 09:25:40', '2024-11-05 05:37:42'),
(460, 'Stokes Inc', 0, '2024-11-08 16:26:36', '2024-11-21 20:21:18'),
(461, 'Bauch PLC', 1, '2024-10-12 21:52:13', '2024-11-17 20:37:12'),
(462, 'Swift and Sons', 1, '2024-11-06 19:27:02', '2024-11-18 16:31:44'),
(463, 'Reilly Inc', 1, '2024-11-06 16:18:38', '2024-11-07 22:14:49'),
(464, 'Breitenberg LLC', 1, '2024-11-23 12:15:41', '2024-11-24 11:34:01'),
(465, 'Hackett LLC', 1, '2024-10-25 07:48:10', '2024-11-11 08:13:12'),
(466, 'Bednar-Zemlak', 1, '2024-11-25 20:38:00', '2024-11-25 20:56:25'),
(467, 'Jacobi, Davis and Greenholt', 1, '2024-10-07 05:52:54', '2024-10-18 08:17:34'),
(468, 'Greenholt Inc', 1, '2024-11-18 21:56:26', '2024-11-18 23:19:00'),
(469, 'Rutherford PLC', 1, '2024-10-25 00:53:57', '2024-11-20 16:11:38'),
(470, 'Reilly-Gusikowski', 1, '2024-10-07 12:09:01', '2024-11-11 20:04:55'),
(471, 'Mosciski and Sons', 1, '2024-10-14 09:41:01', '2024-11-17 22:54:18'),
(472, 'Macejkovic, Lehner and Klein', 0, '2024-10-29 10:55:20', '2024-11-03 13:48:49'),
(473, 'Parisian, Beatty and Lesch', 1, '2024-10-26 04:35:14', '2024-11-02 10:14:50'),
(474, 'Schroeder, Buckridge and Wiza', 0, '2024-10-20 12:33:51', '2024-11-19 07:34:28'),
(475, 'Fisher-Fritsch', 0, '2024-11-19 22:01:22', '2024-11-27 09:38:15'),
(476, 'Huel Ltd', 1, '2024-10-28 17:38:27', '2024-11-11 14:33:33'),
(477, 'Klein Group', 1, '2024-11-12 11:17:48', '2024-11-26 15:40:15'),
(478, 'Braun Inc', 0, '2024-11-24 02:44:21', '2024-11-26 12:50:14'),
(479, 'Ferry-Metz', 1, '2024-11-15 10:00:20', '2024-11-28 08:14:41'),
(480, 'Reichel-Rippin', 1, '2024-10-18 05:45:31', '2024-10-30 08:26:25'),
(481, 'Kulas, Hoeger and Turcotte', 0, '2024-10-06 15:09:01', '2024-11-19 10:17:31'),
(482, 'Jakubowski, Kirlin and Becker', 0, '2024-10-01 16:42:15', '2024-11-19 06:21:10'),
(483, 'Upton-Strosin', 1, '2024-11-03 19:01:54', '2024-11-16 06:47:39'),
(484, 'Cummerata and Sons', 0, '2024-11-24 04:52:15', '2024-11-25 16:52:47'),
(485, 'Cassin, Yost and Lebsack', 0, '2024-11-06 16:23:14', '2024-11-07 16:42:48'),
(486, 'Schoen and Sons', 0, '2024-10-28 02:05:02', '2024-11-21 13:56:10'),
(487, 'Hyatt-Gorczany', 1, '2024-10-09 13:58:17', '2024-11-09 13:34:20'),
(488, 'Sipes Inc', 1, '2024-11-02 09:14:32', '2024-11-26 02:11:41'),
(489, 'Mraz, Wehner and Gislason', 0, '2024-11-08 19:10:25', '2024-11-10 01:58:45'),
(490, 'Lindgren Inc', 0, '2024-11-01 01:22:42', '2024-11-24 18:53:35'),
(491, 'Shanahan PLC', 1, '2024-11-26 07:42:36', '2024-11-28 11:03:52'),
(492, 'Waters-Dare', 0, '2024-10-28 18:20:53', '2024-11-12 09:07:03'),
(493, 'Gutmann-Langosh', 1, '2024-11-16 15:16:31', '2024-11-22 23:39:06'),
(494, 'Wisoky LLC', 1, '2024-10-10 08:55:25', '2024-11-10 22:00:29'),
(495, 'Funk-Daugherty', 1, '2024-11-23 09:01:34', '2024-11-28 02:41:52'),
(496, 'Hamill, Welch and Lockman', 1, '2024-11-17 09:14:19', '2024-11-28 13:18:36'),
(497, 'Runolfsson LLC', 1, '2024-10-30 00:46:13', '2024-11-09 10:42:18'),
(498, 'Mosciski Inc', 1, '2024-10-14 05:51:06', '2024-10-16 19:58:10'),
(499, 'Armstrong Ltd', 1, '2024-11-10 16:23:56', '2024-11-20 16:17:42'),
(500, 'Barton PLC', 0, '2024-10-08 08:52:49', '2024-11-22 05:44:48'),
(501, 'Hagenes and Sons', 1, '2024-10-20 03:52:50', '2024-10-25 22:37:37'),
(502, 'Stamm, Wolff and Bechtelar', 1, '2024-10-07 19:36:47', '2024-10-08 12:06:29'),
(503, 'Sporer LLC', 1, '2024-11-27 02:16:34', '2024-11-27 15:31:15'),
(504, 'Auer, West and Steuber', 1, '2024-11-22 11:37:23', '2024-11-26 11:06:16'),
(505, 'Hamill PLC', 0, '2024-11-02 20:55:22', '2024-11-06 08:22:14'),
(506, 'Jenkins-Klocko', 1, '2024-11-08 21:05:52', '2024-11-20 13:22:38'),
(507, 'Kassulke-Gottlieb', 1, '2024-11-03 22:24:41', '2024-11-06 07:09:41'),
(508, 'Effertz, Walter and Simonis', 1, '2024-10-13 03:16:19', '2024-11-10 11:41:23'),
(509, 'Yost, Steuber and Cronin', 1, '2024-11-16 19:48:33', '2024-11-28 11:50:46'),
(510, 'Lockman-Torphy', 1, '2024-11-08 12:18:51', '2024-11-21 06:49:12'),
(511, 'Hayes and Sons', 1, '2024-11-25 08:16:30', '2024-11-26 08:17:14'),
(512, 'Conn, Kovacek and Johnson', 1, '2024-11-09 00:25:31', '2024-11-15 22:24:30'),
(513, 'Hudson, Swift and Considine', 1, '2024-11-13 20:23:27', '2024-11-18 15:58:57'),
(514, 'Hessel Inc', 0, '2024-11-07 02:22:37', '2024-11-20 22:04:09'),
(515, 'Thiel-Kreiger', 0, '2024-10-25 08:54:13', '2024-11-23 12:19:49'),
(516, 'Wintheiser-Shields', 1, '2024-10-11 10:05:48', '2024-11-11 22:57:13'),
(517, 'Beatty, Fay and Paucek', 0, '2024-10-14 11:23:48', '2024-11-19 10:16:01'),
(518, 'Dare, O\'Keefe and Renner', 0, '2024-11-10 21:47:01', '2024-11-17 11:48:46'),
(519, 'Bechtelar, Dooley and Kris', 1, '2024-11-20 12:47:47', '2024-11-22 19:59:36'),
(520, 'Wilderman Ltd', 0, '2024-11-05 03:01:38', '2024-11-22 18:35:03'),
(521, 'Terry, Senger and Pfeffer', 1, '2024-11-10 03:41:20', '2024-11-13 11:16:38'),
(522, 'Mills and Sons', 1, '2024-11-19 09:35:05', '2024-11-25 19:16:56'),
(523, 'Mueller, Boyle and Veum', 0, '2024-11-18 20:54:39', '2024-11-20 01:24:09'),
(524, 'Skiles, Schuppe and Little', 1, '2024-11-21 03:48:48', '2024-11-22 16:21:48'),
(525, 'Jaskolski-Smith', 1, '2024-11-11 22:36:40', '2024-11-12 23:05:56'),
(526, 'Skiles Inc', 1, '2024-11-18 22:39:06', '2024-11-24 16:34:34'),
(527, 'Kreiger, Reinger and Collins', 0, '2024-10-31 19:36:52', '2024-11-15 00:42:15'),
(528, 'Koss Group', 1, '2024-11-25 06:36:12', '2024-11-26 12:58:33'),
(529, 'Carroll-Larson', 0, '2024-10-07 08:33:02', '2024-10-16 14:11:25'),
(530, 'Schmidt LLC', 1, '2024-10-08 03:46:38', '2024-11-19 06:05:04'),
(531, 'Turcotte, Doyle and Price', 1, '2024-11-06 09:26:26', '2024-11-26 19:51:12'),
(532, 'Senger-Wiegand', 1, '2024-10-08 11:33:54', '2024-10-31 10:11:35'),
(533, 'Watsica-Purdy', 1, '2024-11-05 23:08:35', '2024-11-25 01:54:24'),
(534, 'Balistreri LLC', 1, '2024-10-02 22:28:27', '2024-10-30 20:30:07'),
(535, 'Streich Inc', 1, '2024-10-18 07:34:26', '2024-11-27 14:24:12'),
(536, 'Stracke-Grant', 1, '2024-11-21 05:02:37', '2024-11-24 05:31:28'),
(537, 'VonRueden, Olson and Shanahan', 0, '2024-10-31 09:05:26', '2024-11-04 22:54:56'),
(538, 'Hickle-Rippin', 1, '2024-10-30 04:01:02', '2024-11-16 01:52:16'),
(539, 'Gerlach Group', 1, '2024-10-08 08:19:21', '2024-10-23 06:35:49'),
(540, 'Casper PLC', 1, '2024-10-27 01:54:06', '2024-11-24 07:40:38'),
(541, 'Kulas-Wolf', 1, '2024-10-18 21:56:03', '2024-11-20 19:18:02'),
(542, 'Ebert, Moen and Cummings', 0, '2024-10-29 10:31:16', '2024-11-25 07:49:33'),
(543, 'Lesch, Kirlin and Nikolaus', 0, '2024-11-02 02:03:10', '2024-11-12 00:11:46'),
(544, 'Kerluke, Wyman and Bernhard', 1, '2024-10-19 02:08:02', '2024-10-20 20:02:54'),
(545, 'Beatty, Cassin and Trantow', 0, '2024-10-05 14:34:02', '2024-11-18 03:16:02'),
(546, 'Schultz Inc', 1, '2024-11-03 00:03:34', '2024-11-09 14:44:58'),
(547, 'D\'Amore Ltd', 1, '2024-10-19 16:57:56', '2024-10-29 14:40:05'),
(548, 'McDermott, Bernhard and Metz', 1, '2024-11-02 16:32:07', '2024-11-10 13:20:29'),
(549, 'Deckow-Koepp', 1, '2024-10-05 05:47:37', '2024-10-23 07:45:21'),
(550, 'Fadel-Heidenreich', 1, '2024-10-27 06:53:36', '2024-11-25 10:19:38'),
(551, 'Rice-Kutch', 0, '2024-11-05 15:41:54', '2024-11-15 13:30:43'),
(552, 'Stoltenberg Inc', 1, '2024-11-28 03:10:40', '2024-11-29 00:43:11'),
(553, 'Schuppe, Bahringer and Gaylord', 1, '2024-10-10 19:52:12', '2024-10-19 20:32:40'),
(554, 'Beahan, Bartell and Fisher', 1, '2024-11-28 05:32:30', '2024-11-28 07:14:25'),
(555, 'Kautzer Inc', 1, '2024-10-04 01:08:35', '2024-10-25 06:40:36'),
(556, 'Satterfield, Marquardt and Will', 1, '2024-11-26 21:17:20', '2024-11-28 19:28:04'),
(557, 'Collins-Lesch', 0, '2024-10-02 03:24:48', '2024-10-31 21:48:03'),
(558, 'Jones-Weber', 1, '2024-09-30 07:02:09', '2024-10-10 02:15:10'),
(559, 'Dickens-Murray', 1, '2024-11-05 04:38:10', '2024-11-13 22:36:11'),
(560, 'Sipes and Sons', 0, '2024-11-24 23:43:04', '2024-11-26 10:54:52'),
(561, 'Gislason-Thompson', 0, '2024-10-05 23:51:01', '2024-11-23 02:32:49'),
(562, 'Brekke-Larson', 1, '2024-10-13 21:48:02', '2024-10-14 08:07:51'),
(563, 'Kihn-Hauck', 1, '2024-10-27 16:51:01', '2024-11-17 11:35:49'),
(564, 'O\'Hara, Padberg and Hand', 0, '2024-10-29 11:43:09', '2024-11-19 16:51:08'),
(565, 'Bruen, Cole and Wilkinson', 0, '2024-10-29 13:49:30', '2024-11-09 21:50:59'),
(566, 'Hodkiewicz, Waelchi and Mayert', 1, '2024-11-01 10:41:11', '2024-11-03 15:13:46'),
(567, 'Quitzon LLC', 1, '2024-10-07 18:04:56', '2024-11-04 14:15:28'),
(568, 'Bergnaum-Marks', 1, '2024-11-18 08:15:03', '2024-11-20 05:21:50'),
(569, 'Bode Inc', 1, '2024-10-01 00:50:29', '2024-11-28 04:25:40'),
(570, 'Smith-Torphy', 1, '2024-11-03 17:25:19', '2024-11-13 16:29:12'),
(571, 'Moen-Larkin', 0, '2024-10-21 10:06:00', '2024-11-08 15:52:36'),
(572, 'Bogisich, Kuvalis and Thiel', 0, '2024-10-29 15:10:21', '2024-11-24 05:14:06'),
(573, 'Barrows, Shields and West', 0, '2024-10-28 15:32:30', '2024-11-12 06:11:42'),
(574, 'Roberts-Kuphal', 0, '2024-09-30 17:32:54', '2024-10-22 18:53:31'),
(575, 'Feeney-Reichert', 1, '2024-10-24 02:26:20', '2024-11-23 08:54:38'),
(576, 'Ratke Group', 1, '2024-11-17 02:36:31', '2024-11-28 16:23:02'),
(577, 'Kilback-Fisher', 1, '2024-10-17 15:07:00', '2024-11-23 14:29:56'),
(578, 'Harvey LLC', 1, '2024-11-15 00:35:00', '2024-11-20 19:32:53'),
(579, 'Blick LLC', 1, '2024-10-10 03:56:21', '2024-11-24 18:29:02'),
(580, 'Kling, Terry and Sipes', 0, '2024-11-25 02:19:35', '2024-11-27 10:22:53'),
(581, 'Kub, Gutmann and Zboncak', 1, '2024-11-22 16:20:40', '2024-11-27 12:20:47'),
(582, 'Bins, Hessel and Harvey', 1, '2024-10-07 13:56:31', '2024-10-20 18:58:39'),
(583, 'Powlowski-Heathcote', 1, '2024-10-19 20:39:22', '2024-11-14 13:20:44'),
(584, 'Fadel-Dietrich', 1, '2024-10-15 02:09:27', '2024-11-07 06:48:04'),
(585, 'Skiles-Bergnaum', 1, '2024-11-17 11:20:53', '2024-11-23 22:15:38'),
(586, 'Boyer-Gaylord', 1, '2024-10-05 14:07:34', '2024-10-12 22:10:39'),
(587, 'Cronin Group', 1, '2024-10-29 06:09:03', '2024-11-14 08:49:17'),
(588, 'Reinger LLC', 1, '2024-11-24 04:37:37', '2024-11-28 02:23:22'),
(589, 'O\'Keefe and Sons', 0, '2024-11-17 22:57:44', '2024-11-26 23:10:38'),
(590, 'Graham and Sons', 1, '2024-11-05 09:13:49', '2024-11-06 23:12:25'),
(591, 'Cartwright Inc', 0, '2024-10-28 03:31:36', '2024-11-11 02:56:19'),
(592, 'White-Mertz', 1, '2024-11-02 04:43:56', '2024-11-28 03:25:00'),
(593, 'Bogisich, Wunsch and Blick', 1, '2024-10-12 16:44:02', '2024-11-26 19:19:40'),
(594, 'Hegmann, Lynch and Barrows', 0, '2024-10-21 01:16:59', '2024-11-19 07:32:46'),
(595, 'Sporer, Hoeger and Miller', 1, '2024-10-26 08:58:08', '2024-11-04 21:25:42'),
(596, 'Stehr, Kshlerin and Haag', 1, '2024-10-12 03:39:55', '2024-11-23 23:32:40'),
(597, 'Schiller-Schaefer', 1, '2024-11-11 20:35:48', '2024-11-15 01:50:18'),
(598, 'Walker Group', 1, '2024-10-01 01:01:54', '2024-10-26 19:06:25'),
(599, 'Beatty-Prosacco', 0, '2024-11-08 07:54:13', '2024-11-24 09:53:48'),
(600, 'Emmerich Inc', 0, '2024-11-16 13:18:27', '2024-11-16 23:43:20'),
(601, 'Hamill-Sawayn', 1, '2024-09-30 07:42:03', '2024-10-11 14:45:30'),
(602, 'Sipes-Weber', 1, '2024-10-28 23:18:25', '2024-11-12 01:26:51'),
(603, 'Williamson Ltd', 0, '2024-09-30 15:01:54', '2024-10-03 07:05:26'),
(604, 'Boyer PLC', 1, '2024-11-24 17:56:35', '2024-11-25 05:08:10'),
(605, 'Hessel LLC', 1, '2024-10-21 12:21:51', '2024-11-27 20:30:48'),
(606, 'Schiller, Goldner and Klein', 1, '2024-10-13 19:25:27', '2024-10-22 09:48:26'),
(607, 'Emmerich, Eichmann and Corwin', 1, '2024-10-27 20:27:06', '2024-11-12 13:16:47'),
(608, 'O\'Conner Ltd', 1, '2024-10-16 06:41:08', '2024-10-31 15:10:21'),
(609, 'Schaden, Heidenreich and Kuvalis', 1, '2024-11-13 18:53:32', '2024-11-25 17:57:04'),
(610, 'Johnson, Towne and Effertz', 1, '2024-11-07 09:47:28', '2024-11-09 03:06:01'),
(611, 'Kreiger, Farrell and Medhurst', 0, '2024-10-31 06:45:48', '2024-11-08 09:11:03'),
(612, 'Purdy, Hammes and Mueller', 1, '2024-11-15 05:12:03', '2024-11-27 18:33:32'),
(613, 'Roberts, Hansen and Schamberger', 1, '2024-11-26 13:39:34', '2024-11-27 15:12:51'),
(614, 'Watsica, Emmerich and Heidenreich', 0, '2024-10-02 22:38:10', '2024-11-11 15:15:50'),
(615, 'Reynolds, Langosh and Farrell', 1, '2024-11-15 01:21:39', '2024-11-26 04:23:19'),
(616, 'Dickens, Bergnaum and Witting', 1, '2024-10-29 00:02:09', '2024-11-13 22:25:16'),
(617, 'Bruen Group', 1, '2024-10-03 14:55:49', '2024-11-02 20:22:32'),
(618, 'Roberts Ltd', 0, '2024-09-29 17:38:30', '2024-11-01 00:40:20'),
(619, 'Luettgen-Harris', 1, '2024-10-11 02:03:15', '2024-10-26 04:29:12'),
(620, 'Ernser, Bayer and Senger', 0, '2024-10-30 19:33:18', '2024-11-02 10:26:34'),
(621, 'Kovacek-Harvey', 1, '2024-11-29 00:57:10', '2024-11-29 01:25:24'),
(622, 'Barton Group', 1, '2024-10-17 10:02:46', '2024-11-07 18:31:01'),
(623, 'Funk-Collins', 1, '2024-11-10 17:37:42', '2024-11-12 02:23:33'),
(624, 'Rath LLC', 1, '2024-10-01 01:20:06', '2024-11-02 01:04:02'),
(625, 'Mann-Roob', 1, '2024-11-03 15:13:57', '2024-11-07 23:56:29'),
(626, 'Langworth PLC', 1, '2024-10-17 11:03:58', '2024-11-22 13:09:44'),
(627, 'Harris LLC', 0, '2024-10-31 02:52:13', '2024-11-19 20:11:44'),
(628, 'Schuppe LLC', 1, '2024-10-13 21:03:35', '2024-11-20 01:52:32'),
(629, 'Bruen-Morissette', 1, '2024-10-02 20:11:51', '2024-10-14 03:09:34'),
(630, 'Mohr, Willms and Murazik', 0, '2024-11-26 13:36:23', '2024-11-27 20:17:05'),
(631, 'Kessler and Sons', 1, '2024-11-10 03:28:27', '2024-11-26 22:11:00'),
(632, 'Cummerata and Sons', 1, '2024-11-21 03:47:06', '2024-11-27 17:28:43'),
(633, 'Cummerata, Veum and Powlowski', 1, '2024-10-28 03:27:16', '2024-11-12 03:41:25'),
(634, 'Marvin, Thiel and Gibson', 1, '2024-10-14 03:07:21', '2024-11-09 10:42:30'),
(635, 'Denesik, Sanford and Bernhard', 1, '2024-10-16 03:01:55', '2024-11-16 19:21:46'),
(636, 'Hartmann, Lynch and Conn', 0, '2024-10-22 20:57:12', '2024-11-29 01:10:11'),
(637, 'Hudson, Swift and Kshlerin', 0, '2024-11-13 15:23:34', '2024-11-14 16:53:15'),
(638, 'Heidenreich, Skiles and Senger', 1, '2024-10-19 13:48:38', '2024-10-23 16:55:52'),
(639, 'Lubowitz, Metz and Simonis', 1, '2024-11-18 03:59:18', '2024-11-27 07:25:04'),
(640, 'Kub, D\'Amore and Bernier', 0, '2024-11-02 17:09:12', '2024-11-13 05:41:02'),
(641, 'Quigley-Oberbrunner', 1, '2024-11-23 11:10:53', '2024-11-26 20:46:26'),
(642, 'Hilpert-Davis', 1, '2024-11-07 10:45:52', '2024-11-22 08:51:58'),
(643, 'Grant Ltd', 1, '2024-10-24 08:42:19', '2024-10-27 18:57:32'),
(644, 'Watsica LLC', 1, '2024-10-06 18:32:28', '2024-10-21 07:15:46'),
(645, 'Stehr, Adams and Walsh', 0, '2024-10-09 23:02:52', '2024-10-23 16:41:21'),
(646, 'Gibson, Hermann and Wiza', 1, '2024-11-25 01:42:55', '2024-11-29 03:31:28'),
(647, 'Kulas-Nader', 1, '2024-10-11 19:37:04', '2024-10-18 17:35:08'),
(648, 'Thompson-Howell', 0, '2024-10-18 03:08:31', '2024-11-07 02:25:04'),
(649, 'Labadie-Miller', 1, '2024-11-03 07:38:54', '2024-11-08 08:50:22'),
(650, 'Sipes Group', 1, '2024-10-16 00:03:52', '2024-11-11 19:16:55'),
(651, 'Will Inc', 0, '2024-10-25 13:28:35', '2024-10-30 07:54:26'),
(652, 'Senger and Sons', 1, '2024-11-19 03:34:40', '2024-11-23 06:01:27'),
(653, 'Aufderhar-Bashirian', 0, '2024-11-23 19:18:58', '2024-11-24 15:06:28'),
(654, 'Schiller-Goldner', 1, '2024-11-19 02:40:02', '2024-11-28 22:50:35'),
(655, 'Morar, Johnston and Cremin', 1, '2024-10-04 04:53:47', '2024-11-21 14:46:36'),
(656, 'Emmerich and Sons', 1, '2024-11-14 13:51:31', '2024-11-24 11:39:21'),
(657, 'Lubowitz LLC', 1, '2024-10-23 20:38:39', '2024-11-07 20:00:57'),
(658, 'Bogan-Bartell', 0, '2024-10-31 06:51:56', '2024-11-18 19:36:51'),
(659, 'Heller PLC', 0, '2024-11-08 11:19:26', '2024-11-26 18:19:46'),
(660, 'Stroman, Marvin and Keebler', 1, '2024-11-18 23:18:31', '2024-11-24 08:28:23'),
(661, 'Bartoletti, Kihn and Walter', 1, '2024-11-27 16:52:46', '2024-11-29 01:12:50'),
(662, 'Stehr PLC', 0, '2024-10-28 23:05:54', '2024-11-22 13:01:07'),
(663, 'Hane Ltd', 1, '2024-10-21 15:33:27', '2024-11-19 16:52:33');
INSERT INTO `customers` (`id`, `name`, `active`, `created_at`, `updated_at`) VALUES
(664, 'Casper-Franecki', 0, '2024-09-29 22:24:29', '2024-10-26 08:48:30'),
(665, 'Mraz Ltd', 0, '2024-10-02 04:32:11', '2024-10-11 18:59:58'),
(666, 'Auer-Stroman', 1, '2024-11-03 18:13:58', '2024-11-13 13:04:09'),
(667, 'Greenholt-Smith', 1, '2024-10-25 16:07:08', '2024-11-09 06:53:35'),
(668, 'Upton-Jast', 1, '2024-11-14 22:13:22', '2024-11-19 23:55:03'),
(669, 'O\'Keefe Inc', 1, '2024-10-31 17:22:21', '2024-11-21 18:27:20'),
(670, 'Reichel-Hoppe', 0, '2024-11-03 07:16:24', '2024-11-09 23:08:06'),
(671, 'Koelpin, Schowalter and Bayer', 1, '2024-10-10 00:06:41', '2024-11-11 02:20:08'),
(672, 'Waters-Parker', 0, '2024-11-05 08:32:45', '2024-11-14 12:22:55'),
(673, 'Hessel LLC', 0, '2024-11-21 18:50:20', '2024-11-25 05:08:54'),
(674, 'Schiller-Hansen', 1, '2024-10-11 00:06:36', '2024-11-16 14:05:00'),
(675, 'Roob, Sporer and Bode', 0, '2024-10-29 23:30:14', '2024-11-15 09:42:51'),
(676, 'Hudson LLC', 0, '2024-11-16 18:20:02', '2024-11-28 06:08:02'),
(677, 'Raynor LLC', 1, '2024-11-04 11:50:36', '2024-11-26 00:40:32'),
(678, 'Stoltenberg-Ullrich', 0, '2024-11-15 04:05:10', '2024-11-21 01:25:19'),
(679, 'Klein Inc', 1, '2024-09-29 10:18:45', '2024-11-05 14:43:22'),
(680, 'Erdman-Beier', 1, '2024-10-30 15:21:29', '2024-11-06 12:22:57');

-- --------------------------------------------------------

--
-- Структура на таблица `failed_jobs`
--

CREATE TABLE `failed_jobs` (
  `id` bigint(20) UNSIGNED NOT NULL,
  `uuid` varchar(255) COLLATE utf8mb4_unicode_ci NOT NULL,
  `connection` text COLLATE utf8mb4_unicode_ci NOT NULL,
  `queue` text COLLATE utf8mb4_unicode_ci NOT NULL,
  `payload` longtext COLLATE utf8mb4_unicode_ci NOT NULL,
  `exception` longtext COLLATE utf8mb4_unicode_ci NOT NULL,
  `failed_at` timestamp NOT NULL DEFAULT CURRENT_TIMESTAMP
) ENGINE=InnoDB DEFAULT CHARSET=utf8mb4 COLLATE=utf8mb4_unicode_ci;

-- --------------------------------------------------------

--
-- Структура на таблица `migrations`
--

CREATE TABLE `migrations` (
  `id` int(10) UNSIGNED NOT NULL,
  `migration` varchar(255) COLLATE utf8mb4_unicode_ci NOT NULL,
  `batch` int(11) NOT NULL
) ENGINE=InnoDB DEFAULT CHARSET=utf8mb4 COLLATE=utf8mb4_unicode_ci;

--
-- Схема на данните от таблица `migrations`
--

INSERT INTO `migrations` (`id`, `migration`, `batch`) VALUES
(1, '2014_10_12_000000_create_users_table', 1),
(2, '2014_10_12_100000_create_password_reset_tokens_table', 1),
(3, '2019_08_19_000000_create_failed_jobs_table', 1),
(4, '2019_12_14_000001_create_personal_access_tokens_table', 1),
(5, '2024_11_27_094426_create_permission_tables', 2),
(6, '2024_11_27_113155_create_ads_table', 3),
(7, '2024_11_27_113211_create_ad_templates_table', 3),
(9, '2024_11_28_105309_create_customers_table', 4);

-- --------------------------------------------------------

--
-- Структура на таблица `model_has_permissions`
--

CREATE TABLE `model_has_permissions` (
  `permission_id` bigint(20) UNSIGNED NOT NULL,
  `model_type` varchar(255) COLLATE utf8mb4_unicode_ci NOT NULL,
  `model_id` bigint(20) UNSIGNED NOT NULL
) ENGINE=InnoDB DEFAULT CHARSET=utf8mb4 COLLATE=utf8mb4_unicode_ci;

-- --------------------------------------------------------

--
-- Структура на таблица `model_has_roles`
--

CREATE TABLE `model_has_roles` (
  `role_id` bigint(20) UNSIGNED NOT NULL,
  `model_type` varchar(255) COLLATE utf8mb4_unicode_ci NOT NULL,
  `model_id` bigint(20) UNSIGNED NOT NULL
) ENGINE=InnoDB DEFAULT CHARSET=utf8mb4 COLLATE=utf8mb4_unicode_ci;

--
-- Схема на данните от таблица `model_has_roles`
--

INSERT INTO `model_has_roles` (`role_id`, `model_type`, `model_id`) VALUES
(1, 'App\\Models\\User', 1),
(1, 'App\\Models\\User', 2),
(2, 'App\\Models\\User', 3),
(3, 'App\\Models\\User', 4),
(4, 'App\\Models\\User', 5);

-- --------------------------------------------------------

--
-- Структура на таблица `password_reset_tokens`
--

CREATE TABLE `password_reset_tokens` (
  `email` varchar(255) COLLATE utf8mb4_unicode_ci NOT NULL,
  `token` varchar(255) COLLATE utf8mb4_unicode_ci NOT NULL,
  `created_at` timestamp NULL DEFAULT NULL
) ENGINE=InnoDB DEFAULT CHARSET=utf8mb4 COLLATE=utf8mb4_unicode_ci;

-- --------------------------------------------------------

--
-- Структура на таблица `permissions`
--

CREATE TABLE `permissions` (
  `id` bigint(20) UNSIGNED NOT NULL,
  `name` varchar(255) COLLATE utf8mb4_unicode_ci NOT NULL,
  `guard_name` varchar(255) COLLATE utf8mb4_unicode_ci NOT NULL,
  `created_at` timestamp NULL DEFAULT NULL,
  `updated_at` timestamp NULL DEFAULT NULL
) ENGINE=InnoDB DEFAULT CHARSET=utf8mb4 COLLATE=utf8mb4_unicode_ci;

--
-- Схема на данните от таблица `permissions`
--

INSERT INTO `permissions` (`id`, `name`, `guard_name`, `created_at`, `updated_at`) VALUES
(1, 'view_role', 'web', '2024-11-27 07:44:41', '2024-11-27 07:44:41'),
(2, 'view_any_role', 'web', '2024-11-27 07:44:41', '2024-11-27 07:44:41'),
(3, 'create_role', 'web', '2024-11-27 07:44:41', '2024-11-27 07:44:41'),
(4, 'update_role', 'web', '2024-11-27 07:44:41', '2024-11-27 07:44:41'),
(5, 'delete_role', 'web', '2024-11-27 07:44:41', '2024-11-27 07:44:41'),
(6, 'delete_any_role', 'web', '2024-11-27 07:44:41', '2024-11-27 07:44:41'),
(7, 'view_user', 'web', '2024-11-27 07:50:05', '2024-11-27 07:50:05'),
(8, 'view_any_user', 'web', '2024-11-27 07:50:05', '2024-11-27 07:50:05'),
(9, 'create_user', 'web', '2024-11-27 07:50:05', '2024-11-27 07:50:05'),
(10, 'update_user', 'web', '2024-11-27 07:50:05', '2024-11-27 07:50:05'),
(11, 'restore_user', 'web', '2024-11-27 07:50:05', '2024-11-27 07:50:05'),
(12, 'restore_any_user', 'web', '2024-11-27 07:50:05', '2024-11-27 07:50:05'),
(13, 'replicate_user', 'web', '2024-11-27 07:50:05', '2024-11-27 07:50:05'),
(14, 'reorder_user', 'web', '2024-11-27 07:50:05', '2024-11-27 07:50:05'),
(15, 'delete_user', 'web', '2024-11-27 07:50:05', '2024-11-27 07:50:05'),
(16, 'delete_any_user', 'web', '2024-11-27 07:50:05', '2024-11-27 07:50:05'),
(17, 'force_delete_user', 'web', '2024-11-27 07:50:05', '2024-11-27 07:50:05'),
(18, 'force_delete_any_user', 'web', '2024-11-27 07:50:05', '2024-11-27 07:50:05'),
(19, 'view_ad::templates', 'web', '2024-11-28 17:35:59', '2024-11-28 17:35:59'),
(20, 'view_any_ad::templates', 'web', '2024-11-28 17:35:59', '2024-11-28 17:35:59'),
(21, 'create_ad::templates', 'web', '2024-11-28 17:35:59', '2024-11-28 17:35:59'),
(22, 'update_ad::templates', 'web', '2024-11-28 17:35:59', '2024-11-28 17:35:59'),
(23, 'restore_ad::templates', 'web', '2024-11-28 17:35:59', '2024-11-28 17:35:59'),
(24, 'restore_any_ad::templates', 'web', '2024-11-28 17:35:59', '2024-11-28 17:35:59'),
(25, 'replicate_ad::templates', 'web', '2024-11-28 17:35:59', '2024-11-28 17:35:59'),
(26, 'reorder_ad::templates', 'web', '2024-11-28 17:35:59', '2024-11-28 17:35:59'),
(27, 'delete_ad::templates', 'web', '2024-11-28 17:35:59', '2024-11-28 17:35:59'),
(28, 'delete_any_ad::templates', 'web', '2024-11-28 17:35:59', '2024-11-28 17:35:59'),
(29, 'force_delete_ad::templates', 'web', '2024-11-28 17:35:59', '2024-11-28 17:35:59'),
(30, 'force_delete_any_ad::templates', 'web', '2024-11-28 17:35:59', '2024-11-28 17:35:59'),
(31, 'view_ads', 'web', '2024-11-28 17:35:59', '2024-11-28 17:35:59'),
(32, 'view_any_ads', 'web', '2024-11-28 17:35:59', '2024-11-28 17:35:59'),
(33, 'create_ads', 'web', '2024-11-28 17:35:59', '2024-11-28 17:35:59'),
(34, 'update_ads', 'web', '2024-11-28 17:35:59', '2024-11-28 17:35:59'),
(35, 'restore_ads', 'web', '2024-11-28 17:35:59', '2024-11-28 17:35:59'),
(36, 'restore_any_ads', 'web', '2024-11-28 17:35:59', '2024-11-28 17:35:59'),
(37, 'replicate_ads', 'web', '2024-11-28 17:35:59', '2024-11-28 17:35:59'),
(38, 'reorder_ads', 'web', '2024-11-28 17:35:59', '2024-11-28 17:35:59'),
(39, 'delete_ads', 'web', '2024-11-28 17:35:59', '2024-11-28 17:35:59'),
(40, 'delete_any_ads', 'web', '2024-11-28 17:35:59', '2024-11-28 17:35:59'),
(41, 'force_delete_ads', 'web', '2024-11-28 17:35:59', '2024-11-28 17:35:59'),
(42, 'force_delete_any_ads', 'web', '2024-11-28 17:35:59', '2024-11-28 17:35:59'),
(43, 'widget_ChurnRateWidget', 'web', '2024-11-28 17:35:59', '2024-11-28 17:35:59'),
(44, 'widget_AdsOverview', 'web', '2024-11-28 17:35:59', '2024-11-28 17:35:59'),
(45, 'widget_CompletedAdsChart', 'web', '2024-11-28 17:35:59', '2024-11-28 17:35:59');

-- --------------------------------------------------------

--
-- Структура на таблица `personal_access_tokens`
--

CREATE TABLE `personal_access_tokens` (
  `id` bigint(20) UNSIGNED NOT NULL,
  `tokenable_type` varchar(255) COLLATE utf8mb4_unicode_ci NOT NULL,
  `tokenable_id` bigint(20) UNSIGNED NOT NULL,
  `name` varchar(255) COLLATE utf8mb4_unicode_ci NOT NULL,
  `token` varchar(64) COLLATE utf8mb4_unicode_ci NOT NULL,
  `abilities` text COLLATE utf8mb4_unicode_ci,
  `last_used_at` timestamp NULL DEFAULT NULL,
  `expires_at` timestamp NULL DEFAULT NULL,
  `created_at` timestamp NULL DEFAULT NULL,
  `updated_at` timestamp NULL DEFAULT NULL
) ENGINE=InnoDB DEFAULT CHARSET=utf8mb4 COLLATE=utf8mb4_unicode_ci;

-- --------------------------------------------------------

--
-- Структура на таблица `roles`
--

CREATE TABLE `roles` (
  `id` bigint(20) UNSIGNED NOT NULL,
  `name` varchar(255) COLLATE utf8mb4_unicode_ci NOT NULL,
  `guard_name` varchar(255) COLLATE utf8mb4_unicode_ci NOT NULL,
  `created_at` timestamp NULL DEFAULT NULL,
  `updated_at` timestamp NULL DEFAULT NULL
) ENGINE=InnoDB DEFAULT CHARSET=utf8mb4 COLLATE=utf8mb4_unicode_ci;

--
-- Схема на данните от таблица `roles`
--

INSERT INTO `roles` (`id`, `name`, `guard_name`, `created_at`, `updated_at`) VALUES
(1, 'Super Admin', 'web', '2024-11-27 07:44:41', '2024-11-27 07:49:59'),
(2, 'Admin', 'web', '2024-11-27 07:57:47', '2024-11-27 07:57:47'),
(3, 'Editor', 'web', '2024-11-27 07:58:01', '2024-11-27 07:58:01'),
(4, 'Viewer', 'web', '2024-11-27 07:58:12', '2024-11-27 07:58:12');

-- --------------------------------------------------------

--
-- Структура на таблица `role_has_permissions`
--

CREATE TABLE `role_has_permissions` (
  `permission_id` bigint(20) UNSIGNED NOT NULL,
  `role_id` bigint(20) UNSIGNED NOT NULL
) ENGINE=InnoDB DEFAULT CHARSET=utf8mb4 COLLATE=utf8mb4_unicode_ci;

--
-- Схема на данните от таблица `role_has_permissions`
--

INSERT INTO `role_has_permissions` (`permission_id`, `role_id`) VALUES
(1, 1),
(2, 1),
(3, 1),
(4, 1),
(5, 1),
(6, 1),
(7, 1),
(8, 1),
(9, 1),
(10, 1),
(11, 1),
(12, 1),
(13, 1),
(14, 1),
(15, 1),
(16, 1),
(17, 1),
(18, 1),
(19, 1),
(20, 1),
(21, 1),
(22, 1),
(23, 1),
(24, 1),
(25, 1),
(26, 1),
(27, 1),
(28, 1),
(29, 1),
(30, 1),
(31, 1),
(32, 1),
(33, 1),
(34, 1),
(35, 1),
(36, 1),
(37, 1),
(38, 1),
(39, 1),
(40, 1),
(41, 1),
(42, 1),
(43, 1),
(44, 1),
(45, 1),
(7, 2),
(8, 2),
(9, 2),
(10, 2),
(11, 2),
(12, 2),
(13, 2),
(14, 2),
(15, 2),
(16, 2),
(17, 2),
(18, 2),
(19, 2),
(20, 2),
(21, 2),
(22, 2),
(23, 2),
(24, 2),
(25, 2),
(26, 2),
(27, 2),
(28, 2),
(29, 2),
(30, 2),
(31, 2),
(32, 2),
(33, 2),
(34, 2),
(35, 2),
(36, 2),
(37, 2),
(38, 2),
(39, 2),
(40, 2),
(41, 2),
(42, 2),
(43, 2),
(44, 2),
(45, 2),
(19, 3),
(20, 3),
(21, 3),
(22, 3),
(23, 3),
(24, 3),
(25, 3),
(26, 3),
(27, 3),
(28, 3),
(29, 3),
(30, 3),
(31, 3),
(32, 3),
(33, 3),
(34, 3),
(35, 3),
(36, 3),
(37, 3),
(38, 3),
(39, 3),
(40, 3),
(41, 3),
(42, 3),
(43, 3),
(44, 3),
(45, 3),
(19, 4),
(20, 4),
(31, 4),
(32, 4),
(43, 4),
(44, 4),
(45, 4);

-- --------------------------------------------------------

--
-- Структура на таблица `users`
--

CREATE TABLE `users` (
  `id` bigint(20) UNSIGNED NOT NULL,
  `name` varchar(255) COLLATE utf8mb4_unicode_ci NOT NULL,
  `email` varchar(255) COLLATE utf8mb4_unicode_ci NOT NULL,
  `email_verified_at` timestamp NULL DEFAULT NULL,
  `password` varchar(255) COLLATE utf8mb4_unicode_ci NOT NULL,
  `remember_token` varchar(100) COLLATE utf8mb4_unicode_ci DEFAULT NULL,
  `created_at` timestamp NULL DEFAULT NULL,
  `updated_at` timestamp NULL DEFAULT NULL
) ENGINE=InnoDB DEFAULT CHARSET=utf8mb4 COLLATE=utf8mb4_unicode_ci;

--
-- Схема на данните от таблица `users`
--

INSERT INTO `users` (`id`, `name`, `email`, `email_verified_at`, `password`, `remember_token`, `created_at`, `updated_at`) VALUES
(1, 'Denis', 'dadilev@gmail.com', NULL, '$2y$12$g5cdu8jvMB7j3GrNmN556.kWElb2MsTuGU35rMzDi8mFx448Ceh9K', NULL, '2024-11-27 07:46:46', '2024-11-27 07:46:46'),
(2, 'Super Admin', 'super@super.com', NULL, '$2y$12$D8RzaGP9M6s4cCCFV80wIejd2jYbeqpDQKefyDZsVoNb3VfL0GKj6', NULL, '2024-11-27 18:54:50', '2024-11-29 09:45:45'),
(3, 'Administrator', 'admin@admin.com', NULL, '$2y$12$h3nstV/iqr7rwQoBHGTCAeESguIDYHBEF7ex6emca1patFdlxgpUS', NULL, '2024-11-27 18:59:56', '2024-11-29 09:44:58'),
(4, 'The Editor', 'editor@editor.com', NULL, '$2y$12$JL7rpVB0mupPI8tF2IWG8OuzTv6Q3nyg/KosDwnWrR795eVvlm9gG', NULL, '2024-11-27 19:00:15', '2024-11-29 09:44:47'),
(5, 'The Viewer', 'viewer@viewer.com', NULL, '$2y$12$mF2zssjDYCTjlrRilq2Q/OCEUd2HZ80PXPJJ0yi/MW.bBltdo5q/S', NULL, '2024-11-28 17:37:41', '2024-11-29 09:44:36');

--
-- Indexes for dumped tables
--

--
-- Индекси за таблица `ads`
--
ALTER TABLE `ads`
  ADD PRIMARY KEY (`id`);

--
-- Индекси за таблица `ad_templates`
--
ALTER TABLE `ad_templates`
  ADD PRIMARY KEY (`id`),
  ADD KEY `ad_templates_ad_id_foreign` (`ad_id`);

--
-- Индекси за таблица `customers`
--
ALTER TABLE `customers`
  ADD PRIMARY KEY (`id`);

--
-- Индекси за таблица `failed_jobs`
--
ALTER TABLE `failed_jobs`
  ADD PRIMARY KEY (`id`),
  ADD UNIQUE KEY `failed_jobs_uuid_unique` (`uuid`);

--
-- Индекси за таблица `migrations`
--
ALTER TABLE `migrations`
  ADD PRIMARY KEY (`id`);

--
-- Индекси за таблица `model_has_permissions`
--
ALTER TABLE `model_has_permissions`
  ADD PRIMARY KEY (`permission_id`,`model_id`,`model_type`),
  ADD KEY `model_has_permissions_model_id_model_type_index` (`model_id`,`model_type`);

--
-- Индекси за таблица `model_has_roles`
--
ALTER TABLE `model_has_roles`
  ADD PRIMARY KEY (`role_id`,`model_id`,`model_type`),
  ADD KEY `model_has_roles_model_id_model_type_index` (`model_id`,`model_type`);

--
-- Индекси за таблица `password_reset_tokens`
--
ALTER TABLE `password_reset_tokens`
  ADD PRIMARY KEY (`email`);

--
-- Индекси за таблица `permissions`
--
ALTER TABLE `permissions`
  ADD PRIMARY KEY (`id`),
  ADD UNIQUE KEY `permissions_name_guard_name_unique` (`name`,`guard_name`);

--
-- Индекси за таблица `personal_access_tokens`
--
ALTER TABLE `personal_access_tokens`
  ADD PRIMARY KEY (`id`),
  ADD UNIQUE KEY `personal_access_tokens_token_unique` (`token`),
  ADD KEY `personal_access_tokens_tokenable_type_tokenable_id_index` (`tokenable_type`,`tokenable_id`);

--
-- Индекси за таблица `roles`
--
ALTER TABLE `roles`
  ADD PRIMARY KEY (`id`),
  ADD UNIQUE KEY `roles_name_guard_name_unique` (`name`,`guard_name`);

--
-- Индекси за таблица `role_has_permissions`
--
ALTER TABLE `role_has_permissions`
  ADD PRIMARY KEY (`permission_id`,`role_id`),
  ADD KEY `role_has_permissions_role_id_foreign` (`role_id`);

--
-- Индекси за таблица `users`
--
ALTER TABLE `users`
  ADD PRIMARY KEY (`id`),
  ADD UNIQUE KEY `users_email_unique` (`email`);

--
-- AUTO_INCREMENT for dumped tables
--

--
-- AUTO_INCREMENT for table `ads`
--
ALTER TABLE `ads`
  MODIFY `id` bigint(20) UNSIGNED NOT NULL AUTO_INCREMENT, AUTO_INCREMENT=3;

--
-- AUTO_INCREMENT for table `ad_templates`
--
ALTER TABLE `ad_templates`
  MODIFY `id` bigint(20) UNSIGNED NOT NULL AUTO_INCREMENT, AUTO_INCREMENT=6;

--
-- AUTO_INCREMENT for table `customers`
--
ALTER TABLE `customers`
  MODIFY `id` bigint(20) UNSIGNED NOT NULL AUTO_INCREMENT, AUTO_INCREMENT=681;

--
-- AUTO_INCREMENT for table `failed_jobs`
--
ALTER TABLE `failed_jobs`
  MODIFY `id` bigint(20) UNSIGNED NOT NULL AUTO_INCREMENT;

--
-- AUTO_INCREMENT for table `migrations`
--
ALTER TABLE `migrations`
  MODIFY `id` int(10) UNSIGNED NOT NULL AUTO_INCREMENT, AUTO_INCREMENT=10;

--
-- AUTO_INCREMENT for table `permissions`
--
ALTER TABLE `permissions`
  MODIFY `id` bigint(20) UNSIGNED NOT NULL AUTO_INCREMENT, AUTO_INCREMENT=46;

--
-- AUTO_INCREMENT for table `personal_access_tokens`
--
ALTER TABLE `personal_access_tokens`
  MODIFY `id` bigint(20) UNSIGNED NOT NULL AUTO_INCREMENT;

--
-- AUTO_INCREMENT for table `roles`
--
ALTER TABLE `roles`
  MODIFY `id` bigint(20) UNSIGNED NOT NULL AUTO_INCREMENT, AUTO_INCREMENT=9;

--
-- AUTO_INCREMENT for table `users`
--
ALTER TABLE `users`
  MODIFY `id` bigint(20) UNSIGNED NOT NULL AUTO_INCREMENT, AUTO_INCREMENT=6;

--
-- Ограничения за дъмпнати таблици
--

--
-- Ограничения за таблица `ad_templates`
--
ALTER TABLE `ad_templates`
  ADD CONSTRAINT `ad_templates_ad_id_foreign` FOREIGN KEY (`ad_id`) REFERENCES `ads` (`id`) ON DELETE CASCADE;

--
-- Ограничения за таблица `model_has_permissions`
--
ALTER TABLE `model_has_permissions`
  ADD CONSTRAINT `model_has_permissions_permission_id_foreign` FOREIGN KEY (`permission_id`) REFERENCES `permissions` (`id`) ON DELETE CASCADE;

--
-- Ограничения за таблица `model_has_roles`
--
ALTER TABLE `model_has_roles`
  ADD CONSTRAINT `model_has_roles_role_id_foreign` FOREIGN KEY (`role_id`) REFERENCES `roles` (`id`) ON DELETE CASCADE;

--
-- Ограничения за таблица `role_has_permissions`
--
ALTER TABLE `role_has_permissions`
  ADD CONSTRAINT `role_has_permissions_permission_id_foreign` FOREIGN KEY (`permission_id`) REFERENCES `permissions` (`id`) ON DELETE CASCADE,
  ADD CONSTRAINT `role_has_permissions_role_id_foreign` FOREIGN KEY (`role_id`) REFERENCES `roles` (`id`) ON DELETE CASCADE;
COMMIT;

/*!40101 SET CHARACTER_SET_CLIENT=@OLD_CHARACTER_SET_CLIENT */;
/*!40101 SET CHARACTER_SET_RESULTS=@OLD_CHARACTER_SET_RESULTS */;
/*!40101 SET COLLATION_CONNECTION=@OLD_COLLATION_CONNECTION */;
